channel,post_id,post_text,comment_text
nexta_live,105836,"–†–æ—Å—Å–∏—è–Ω–µ —Å–ø—É—Å—Ç–∏–ª–∏ –Ω–∞ –≤–æ–¥—É –∞—Ç–æ–º–Ω—ã–π –∫—Ä–µ–π—Å–µ—Ä, —Å–ø–æ—Å–æ–±–Ω—ã–π –Ω–æ—Å–∏—Ç—å ¬´–ü–æ—Å–µ–π–¥–æ–Ω—ã¬ª  –ö–∞–∫ –ø–∏—à—É—Ç —Ä–æ—Å—Å–∏–π—Å–∫–∏–µ –º–µ–¥–∏–∞, –∞—Ç–æ–º–Ω–∞—è —Å—É–±–º–∞—Ä–∏–Ω–∞ ¬´–•–∞–±–∞—Ä–æ–≤—Å–∫¬ª –º–æ–∂–µ—Ç –ø–µ—Ä–µ–≤–æ–∑–∏—Ç—å –¥–æ 12 –±–µ—Å–ø–∏–ª–æ—Ç–Ω—ã—Ö —è–¥–µ—Ä–Ω—ã—Ö —Ç–æ—Ä–ø–µ–¥. –í –†–æ—Å—Å–∏–∏ –∑–∞—è–≤–ª—è—é—Ç, —á—Ç–æ —Å–∏—Å—Ç–µ–º—ã ¬´–ü–æ—Å–µ–π–¥–æ–Ω¬ª –º–æ–≥—É—Ç –ø–æ—Ä–∞–∂–∞—Ç—å —Ü–µ–ª–∏ –≤ –ª—é–±–æ–π —Ç–æ—á–∫–µ –ú–∏—Ä–æ–≤–æ–≥–æ –æ–∫–µ–∞–Ω–∞.  –¶–µ—Ä–µ–º–æ–Ω–∏—è —Å–æ—Å—Ç–æ—è–ª–∞—Å—å –Ω–∞ –ø—Ä–µ–¥–ø—Ä–∏—è—Ç–∏–∏ ¬´–°–µ–≤–º–∞—à¬ª –≤ –°–µ–≤–µ—Ä–æ–¥–≤–∏–Ω—Å–∫–µ.  *–ö—Ä–µ–π—Å–µ—Ä ¬´–•–∞–±–∞—Ä–æ–≤—Å–∫¬ª –ø—Ä–µ–¥–Ω–∞–∑–Ω–∞—á–µ–Ω –¥–ª—è –¥–∞–ª—å–Ω–∏—Ö —Å—Ç—Ä–∞—Ç–µ–≥–∏—á–µ—Å–∫–∏—Ö –æ–ø–µ—Ä–∞—Ü–∏–π –∏ –º–æ–∂–µ—Ç –±–∞–∑–∏—Ä–æ–≤–∞—Ç—å—Å—è –≤ –æ—Ç–∫—Ä—ã—Ç–æ–º –æ–∫–µ–∞–Ω–µ, –≤—ã–ø–æ–ª–Ω—è—è –∑–∞–¥–∞—á–∏ –∫–∞–∫ —á–∞—Å—Ç—å —è–¥–µ—Ä–Ω–æ–≥–æ –∞—Ä—Å–µ–Ω–∞–ª–∞ –†–æ—Å—Å–∏–∏.  @nexta_live",–≠—Ç–∞ –∫–æ–Ω—Å–µ—Ä–≤–Ω–∞—è –±–∞–Ω–∫–∞ –∑–∞–ª–æ–∂–µ–Ω–∞ –±—ã–ª–∞ –≤ 2014–≥
truexanewsua,124555,"ü§¨üò± –ö–æ—Ä—É–ø—Ü—ñ—è –≤ –æ–±–æ—Ä–æ–Ω—Ü—ñ! 90 –º–ª–Ω –≥—Ä–Ω (!) —Ä–æ–∑–∫—Ä–∞–ª–∏ –Ω–∞ –¥—Ä–æ–Ω–∞—Ö.   –ù–ê–ë–£ —ñ –°–ê–ü –≤–∏–∫—Ä–∏–ª–∏ –º–∞—Å—à—Ç–∞–±–Ω—É –æ–±–æ—Ä—É–¥–∫—É, –æ—Ä–≥–∞–Ω—ñ–∑–æ–≤–∞–Ω—É –ø–æ—Å–∞–¥–æ–≤—Ü—è–º–∏ –î–µ—Ä–∂—Å–ø–µ—Ü–∑–≤‚Äô—è–∑–∫—É —Ç–∞ –ø—Ä–µ–¥—Å—Ç–∞–≤–Ω–∏–∫–∞–º–∏ –ø—Ä–∏–≤–∞—Ç–Ω–∏—Ö –∫–æ–º–ø–∞–Ω—ñ–π –ø—ñ–¥ —á–∞—Å –∑–∞–∫—É–ø—ñ–≤–µ–ª—å –±–µ–∑–ø—ñ–ª–æ—Ç–Ω–∏–∫—ñ–≤ –¥–ª—è –°–∏–ª –æ–±–æ—Ä–æ–Ω–∏ –£–∫—Ä–∞—ó–Ω–∏. –ß–æ—Ç–∏—Ä—å–æ–º —Ñ—ñ–≥—É—Ä–∞–Ω—Ç–∞–º –ø–æ–≤—ñ–¥–æ–º–ª–µ–Ω–æ –ø—Ä–æ –ø—ñ–¥–æ–∑—Ä—É —É —Ä–æ–∑—Ç—Ä–∞—Ç—ñ –∫–æ—à—Ç—ñ–≤ –≤ –æ—Å–æ–±–ª–∏–≤–æ –≤–µ–ª–∏–∫–∏—Ö —Ä–æ–∑–º—ñ—Ä–∞—Ö.  –¢–†–£–•–ê‚ö°Ô∏è–£–∫—Ä–∞—ó–Ω–∞ | –ù–∞–¥—ñ—Å–ª–∞—Ç–∏ –Ω–æ–≤–∏–Ω—É","–ê –≤–∏ –ª—é–¥–∏ –¥–æ–Ω–∞—Ç—å—Ç–µ ,–≤—ñ–¥–¥–∞–≤–∞–π—Ç–µ –æ—Å—Ç–∞–Ω–Ω—ñ –≥—Ä–æ—à—ñ. –Ü –ø—ñ—Å–ª—è —è —Ç–∞–∫–∏—Ö –æ—Ç –Ω–æ–≤–∏–º –∫–æ–º—É –º–∏ –ø–æ—Ç—Ä—ñ–±–Ω—ñ? –•—Ç–æ –Ω–∞–º –±—É–¥–µ –¥–æ–ø–æ–º–∞–≥–∞—Ç–∏? –ü—Ä–æ—Å—Ç–æ –Ω–µ–º–∞—î —Å–ª—ñ–≤"
truexanewsua,124555,"ü§¨üò± –ö–æ—Ä—É–ø—Ü—ñ—è –≤ –æ–±–æ—Ä–æ–Ω—Ü—ñ! 90 –º–ª–Ω –≥—Ä–Ω (!) —Ä–æ–∑–∫—Ä–∞–ª–∏ –Ω–∞ –¥—Ä–æ–Ω–∞—Ö.   –ù–ê–ë–£ —ñ –°–ê–ü –≤–∏–∫—Ä–∏–ª–∏ –º–∞—Å—à—Ç–∞–±–Ω—É –æ–±–æ—Ä—É–¥–∫—É, –æ—Ä–≥–∞–Ω—ñ–∑–æ–≤–∞–Ω—É –ø–æ—Å–∞–¥–æ–≤—Ü—è–º–∏ –î–µ—Ä–∂—Å–ø–µ—Ü–∑–≤‚Äô—è–∑–∫—É —Ç–∞ –ø—Ä–µ–¥—Å—Ç–∞–≤–Ω–∏–∫–∞–º–∏ –ø—Ä–∏–≤–∞—Ç–Ω–∏—Ö –∫–æ–º–ø–∞–Ω—ñ–π –ø—ñ–¥ —á–∞—Å –∑–∞–∫—É–ø—ñ–≤–µ–ª—å –±–µ–∑–ø—ñ–ª–æ—Ç–Ω–∏–∫—ñ–≤ –¥–ª—è –°–∏–ª –æ–±–æ—Ä–æ–Ω–∏ –£–∫—Ä–∞—ó–Ω–∏. –ß–æ—Ç–∏—Ä—å–æ–º —Ñ—ñ–≥—É—Ä–∞–Ω—Ç–∞–º –ø–æ–≤—ñ–¥–æ–º–ª–µ–Ω–æ –ø—Ä–æ –ø—ñ–¥–æ–∑—Ä—É —É —Ä–æ–∑—Ç—Ä–∞—Ç—ñ –∫–æ—à—Ç—ñ–≤ –≤ –æ—Å–æ–±–ª–∏–≤–æ –≤–µ–ª–∏–∫–∏—Ö —Ä–æ–∑–º—ñ—Ä–∞—Ö.  –¢–†–£–•–ê‚ö°Ô∏è–£–∫—Ä–∞—ó–Ω–∞ | –ù–∞–¥—ñ—Å–ª–∞—Ç–∏ –Ω–æ–≤–∏–Ω—É","–ù—É –ø—Ä–∞–≤–∏–ª—å–Ω–æ —Ö—É–ª—ñ, –≤–∏ –ª–æ—Ö–∏ –¥–æ–Ω–∞—Ç—å—Ç–µ, –∞ —è–∫—â–æ –±—É–¥–∏—Ç–µ –ø–µ*–∑–¥—ñ—Ç–∏, —Ç–æ –±—É–¥–µ –≤–∞–º –∑—Ä–∞–¥–∞"
truexanewsua,124555,"ü§¨üò± –ö–æ—Ä—É–ø—Ü—ñ—è –≤ –æ–±–æ—Ä–æ–Ω—Ü—ñ! 90 –º–ª–Ω –≥—Ä–Ω (!) —Ä–æ–∑–∫—Ä–∞–ª–∏ –Ω–∞ –¥—Ä–æ–Ω–∞—Ö.   –ù–ê–ë–£ —ñ –°–ê–ü –≤–∏–∫—Ä–∏–ª–∏ –º–∞—Å—à—Ç–∞–±–Ω—É –æ–±–æ—Ä—É–¥–∫—É, –æ—Ä–≥–∞–Ω—ñ–∑–æ–≤–∞–Ω—É –ø–æ—Å–∞–¥–æ–≤—Ü—è–º–∏ –î–µ—Ä–∂—Å–ø–µ—Ü–∑–≤‚Äô—è–∑–∫—É —Ç–∞ –ø—Ä–µ–¥—Å—Ç–∞–≤–Ω–∏–∫–∞–º–∏ –ø—Ä–∏–≤–∞—Ç–Ω–∏—Ö –∫–æ–º–ø–∞–Ω—ñ–π –ø—ñ–¥ —á–∞—Å –∑–∞–∫—É–ø—ñ–≤–µ–ª—å –±–µ–∑–ø—ñ–ª–æ—Ç–Ω–∏–∫—ñ–≤ –¥–ª—è –°–∏–ª –æ–±–æ—Ä–æ–Ω–∏ –£–∫—Ä–∞—ó–Ω–∏. –ß–æ—Ç–∏—Ä—å–æ–º —Ñ—ñ–≥—É—Ä–∞–Ω—Ç–∞–º –ø–æ–≤—ñ–¥–æ–º–ª–µ–Ω–æ –ø—Ä–æ –ø—ñ–¥–æ–∑—Ä—É —É —Ä–æ–∑—Ç—Ä–∞—Ç—ñ –∫–æ—à—Ç—ñ–≤ –≤ –æ—Å–æ–±–ª–∏–≤–æ –≤–µ–ª–∏–∫–∏—Ö —Ä–æ–∑–º—ñ—Ä–∞—Ö.  –¢–†–£–•–ê‚ö°Ô∏è–£–∫—Ä–∞—ó–Ω–∞ | –ù–∞–¥—ñ—Å–ª–∞—Ç–∏ –Ω–æ–≤–∏–Ω—É",–ß–µ—Ä–µ–∑ —Ç–∞–∫–µ –∑–ª–æ–¥—ñ–π—Å—Ç–≤–æ –≤ –ª—é–¥–µ–π –≤—Ç—Ä–∞—á–∞—î—Ç—å—Å—è –¥–æ–≤—ñ—Ä–∞ –Ω–∞ –¥–æ–Ω–∞—Ç–∏. –ú–∞—î –±—É—Ç–∏ —Å—É–≤–æ—Ä–µ –ø–æ–∫–∞—Ä–∞–Ω–Ω—è —â–æ–± –≤—ñ–¥–ø–∞–ª–æ –±–∞–∂–∞–Ω–Ω—è –≤–∫—Ä–∞—Å—Ç–∏ –∫–æ–ø—ñ–π–∫—É
truexanewsua,124555,"ü§¨üò± –ö–æ—Ä—É–ø—Ü—ñ—è –≤ –æ–±–æ—Ä–æ–Ω—Ü—ñ! 90 –º–ª–Ω –≥—Ä–Ω (!) —Ä–æ–∑–∫—Ä–∞–ª–∏ –Ω–∞ –¥—Ä–æ–Ω–∞—Ö.   –ù–ê–ë–£ —ñ –°–ê–ü –≤–∏–∫—Ä–∏–ª–∏ –º–∞—Å—à—Ç–∞–±–Ω—É –æ–±–æ—Ä—É–¥–∫—É, –æ—Ä–≥–∞–Ω—ñ–∑–æ–≤–∞–Ω—É –ø–æ—Å–∞–¥–æ–≤—Ü—è–º–∏ –î–µ—Ä–∂—Å–ø–µ—Ü–∑–≤‚Äô—è–∑–∫—É —Ç–∞ –ø—Ä–µ–¥—Å—Ç–∞–≤–Ω–∏–∫–∞–º–∏ –ø—Ä–∏–≤–∞—Ç–Ω–∏—Ö –∫–æ–º–ø–∞–Ω—ñ–π –ø—ñ–¥ —á–∞—Å –∑–∞–∫—É–ø—ñ–≤–µ–ª—å –±–µ–∑–ø—ñ–ª–æ—Ç–Ω–∏–∫—ñ–≤ –¥–ª—è –°–∏–ª –æ–±–æ—Ä–æ–Ω–∏ –£–∫—Ä–∞—ó–Ω–∏. –ß–æ—Ç–∏—Ä—å–æ–º —Ñ—ñ–≥—É—Ä–∞–Ω—Ç–∞–º –ø–æ–≤—ñ–¥–æ–º–ª–µ–Ω–æ –ø—Ä–æ –ø—ñ–¥–æ–∑—Ä—É —É —Ä–æ–∑—Ç—Ä–∞—Ç—ñ –∫–æ—à—Ç—ñ–≤ –≤ –æ—Å–æ–±–ª–∏–≤–æ –≤–µ–ª–∏–∫–∏—Ö —Ä–æ–∑–º—ñ—Ä–∞—Ö.  –¢–†–£–•–ê‚ö°Ô∏è–£–∫—Ä–∞—ó–Ω–∞ | –ù–∞–¥—ñ—Å–ª–∞—Ç–∏ –Ω–æ–≤–∏–Ω—É","–î–æ–Ω–∞—Ç—å—Ç–µ –±–µ–∑–ø–æ—Å–µ—Ä–µ–¥–Ω—è –≤—ñ–π—Å—å–∫–æ–≤–∏–º,—è–∫—ñ –Ω–∞ –Ω—É–ª—ñ,—î –±–∞–≥–∞—Ç–æ –æ–±'—è–≤,—è–∫—ñ –≤–∏—Å—Ç–∞–≤–ª—è—é—Ç—å –≤—ñ–π—Å—å–∫–æ–≤—ñ."
truexanewsua,124555,"ü§¨üò± –ö–æ—Ä—É–ø—Ü—ñ—è –≤ –æ–±–æ—Ä–æ–Ω—Ü—ñ! 90 –º–ª–Ω –≥—Ä–Ω (!) —Ä–æ–∑–∫—Ä–∞–ª–∏ –Ω–∞ –¥—Ä–æ–Ω–∞—Ö.   –ù–ê–ë–£ —ñ –°–ê–ü –≤–∏–∫—Ä–∏–ª–∏ –º–∞—Å—à—Ç–∞–±–Ω—É –æ–±–æ—Ä—É–¥–∫—É, –æ—Ä–≥–∞–Ω—ñ–∑–æ–≤–∞–Ω—É –ø–æ—Å–∞–¥–æ–≤—Ü—è–º–∏ –î–µ—Ä–∂—Å–ø–µ—Ü–∑–≤‚Äô—è–∑–∫—É —Ç–∞ –ø—Ä–µ–¥—Å—Ç–∞–≤–Ω–∏–∫–∞–º–∏ –ø—Ä–∏–≤–∞—Ç–Ω–∏—Ö –∫–æ–º–ø–∞–Ω—ñ–π –ø—ñ–¥ —á–∞—Å –∑–∞–∫—É–ø—ñ–≤–µ–ª—å –±–µ–∑–ø—ñ–ª–æ—Ç–Ω–∏–∫—ñ–≤ –¥–ª—è –°–∏–ª –æ–±–æ—Ä–æ–Ω–∏ –£–∫—Ä–∞—ó–Ω–∏. –ß–æ—Ç–∏—Ä—å–æ–º —Ñ—ñ–≥—É—Ä–∞–Ω—Ç–∞–º –ø–æ–≤—ñ–¥–æ–º–ª–µ–Ω–æ –ø—Ä–æ –ø—ñ–¥–æ–∑—Ä—É —É —Ä–æ–∑—Ç—Ä–∞—Ç—ñ –∫–æ—à—Ç—ñ–≤ –≤ –æ—Å–æ–±–ª–∏–≤–æ –≤–µ–ª–∏–∫–∏—Ö —Ä–æ–∑–º—ñ—Ä–∞—Ö.  –¢–†–£–•–ê‚ö°Ô∏è–£–∫—Ä–∞—ó–Ω–∞ | –ù–∞–¥—ñ—Å–ª–∞—Ç–∏ –Ω–æ–≤–∏–Ω—É","–ü—Ä–æ—Å—Ç—ñ –ª—é–¥–∏ –¥–æ–Ω–∞—Ç—è—Ç—å –æ—Å—Ç–∞–Ω–Ω—ñ –≥—Ä–æ—à—ñ,–∞ —Ç—ñ –ø—ñ–¥–µ—Ä–∏ –Ω–∞–π–æ–±—É—é—Ç—å –∞—Ä–º—ñ—é —ñ –≤–µ—Å—å –£–∫—Ä–∞—ó–Ω—Å—å–∫–∏–π –Ω–∞—Ä–æ–¥, —Ä–æ–∑—Å—Ç—Ä–∏–ª—è—Ç–∏ –∫ —î–±—ñ–Ω—è–º,–∞ –ø–µ—Ä–µ–¥ —Ç–∏–º –∑–∞–±—Ä–∞—Ç–∏ –≥—Ä–æ—à—ñ —è–∫—ñ –≤–æ–Ω–∏ –∑–∞–º—É—Ç–∏–ª–∏."
truexanewsua,124555,"ü§¨üò± –ö–æ—Ä—É–ø—Ü—ñ—è –≤ –æ–±–æ—Ä–æ–Ω—Ü—ñ! 90 –º–ª–Ω –≥—Ä–Ω (!) —Ä–æ–∑–∫—Ä–∞–ª–∏ –Ω–∞ –¥—Ä–æ–Ω–∞—Ö.   –ù–ê–ë–£ —ñ –°–ê–ü –≤–∏–∫—Ä–∏–ª–∏ –º–∞—Å—à—Ç–∞–±–Ω—É –æ–±–æ—Ä—É–¥–∫—É, –æ—Ä–≥–∞–Ω—ñ–∑–æ–≤–∞–Ω—É –ø–æ—Å–∞–¥–æ–≤—Ü—è–º–∏ –î–µ—Ä–∂—Å–ø–µ—Ü–∑–≤‚Äô—è–∑–∫—É —Ç–∞ –ø—Ä–µ–¥—Å—Ç–∞–≤–Ω–∏–∫–∞–º–∏ –ø—Ä–∏–≤–∞—Ç–Ω–∏—Ö –∫–æ–º–ø–∞–Ω—ñ–π –ø—ñ–¥ —á–∞—Å –∑–∞–∫—É–ø—ñ–≤–µ–ª—å –±–µ–∑–ø—ñ–ª–æ—Ç–Ω–∏–∫—ñ–≤ –¥–ª—è –°–∏–ª –æ–±–æ—Ä–æ–Ω–∏ –£–∫—Ä–∞—ó–Ω–∏. –ß–æ—Ç–∏—Ä—å–æ–º —Ñ—ñ–≥—É—Ä–∞–Ω—Ç–∞–º –ø–æ–≤—ñ–¥–æ–º–ª–µ–Ω–æ –ø—Ä–æ –ø—ñ–¥–æ–∑—Ä—É —É —Ä–æ–∑—Ç—Ä–∞—Ç—ñ –∫–æ—à—Ç—ñ–≤ –≤ –æ—Å–æ–±–ª–∏–≤–æ –≤–µ–ª–∏–∫–∏—Ö —Ä–æ–∑–º—ñ—Ä–∞—Ö.  –¢–†–£–•–ê‚ö°Ô∏è–£–∫—Ä–∞—ó–Ω–∞ | –ù–∞–¥—ñ—Å–ª–∞—Ç–∏ –Ω–æ–≤–∏–Ω—É",–¢–æ–º—É —ñ –Ω–µ –¥–æ–Ω–∞—Ç—é
truexanewsua,124555,"ü§¨üò± –ö–æ—Ä—É–ø—Ü—ñ—è –≤ –æ–±–æ—Ä–æ–Ω—Ü—ñ! 90 –º–ª–Ω –≥—Ä–Ω (!) —Ä–æ–∑–∫—Ä–∞–ª–∏ –Ω–∞ –¥—Ä–æ–Ω–∞—Ö.   –ù–ê–ë–£ —ñ –°–ê–ü –≤–∏–∫—Ä–∏–ª–∏ –º–∞—Å—à—Ç–∞–±–Ω—É –æ–±–æ—Ä—É–¥–∫—É, –æ—Ä–≥–∞–Ω—ñ–∑–æ–≤–∞–Ω—É –ø–æ—Å–∞–¥–æ–≤—Ü—è–º–∏ –î–µ—Ä–∂—Å–ø–µ—Ü–∑–≤‚Äô—è–∑–∫—É —Ç–∞ –ø—Ä–µ–¥—Å—Ç–∞–≤–Ω–∏–∫–∞–º–∏ –ø—Ä–∏–≤–∞—Ç–Ω–∏—Ö –∫–æ–º–ø–∞–Ω—ñ–π –ø—ñ–¥ —á–∞—Å –∑–∞–∫—É–ø—ñ–≤–µ–ª—å –±–µ–∑–ø—ñ–ª–æ—Ç–Ω–∏–∫—ñ–≤ –¥–ª—è –°–∏–ª –æ–±–æ—Ä–æ–Ω–∏ –£–∫—Ä–∞—ó–Ω–∏. –ß–æ—Ç–∏—Ä—å–æ–º —Ñ—ñ–≥—É—Ä–∞–Ω—Ç–∞–º –ø–æ–≤—ñ–¥–æ–º–ª–µ–Ω–æ –ø—Ä–æ –ø—ñ–¥–æ–∑—Ä—É —É —Ä–æ–∑—Ç—Ä–∞—Ç—ñ –∫–æ—à—Ç—ñ–≤ –≤ –æ—Å–æ–±–ª–∏–≤–æ –≤–µ–ª–∏–∫–∏—Ö —Ä–æ–∑–º—ñ—Ä–∞—Ö.  –¢–†–£–•–ê‚ö°Ô∏è–£–∫—Ä–∞—ó–Ω–∞ | –ù–∞–¥—ñ—Å–ª–∞—Ç–∏ –Ω–æ–≤–∏–Ω—É","–Ü –∑–∞ —Ü—é –¥–µ—Ä–∂–∞–≤—É –≤–æ—é–≤–∞—Ç–∏? –ü–æ–∫–∏ –ª—é–¥–∏ –¥–æ–Ω–∞—Ç—è—Ç—å –ø–æ 200-500 –≥—Ä–∏–≤–µ–Ω—å, —è–∫–∞–∑—å –º—Ä–∞–∑—å –∫—Ä–∞–¥–µ –≥—Ä–æ—à—ñ. –ó–∞ —Ü–µ –ø–æ–≤–∏–Ω–Ω–æ –±—É—Ç–∏ –ø–æ–∂–∏—Ç—Ç—î–≤–æ –º—ñ–Ω—ñ–º—É–º. –ù–∞–∂–∞–ª—å –Ω–µ–º–∞—î —Å–º–µ—Ä—Ç–Ω–æ—ó.."
truexanewsua,124555,"ü§¨üò± –ö–æ—Ä—É–ø—Ü—ñ—è –≤ –æ–±–æ—Ä–æ–Ω—Ü—ñ! 90 –º–ª–Ω –≥—Ä–Ω (!) —Ä–æ–∑–∫—Ä–∞–ª–∏ –Ω–∞ –¥—Ä–æ–Ω–∞—Ö.   –ù–ê–ë–£ —ñ –°–ê–ü –≤–∏–∫—Ä–∏–ª–∏ –º–∞—Å—à—Ç–∞–±–Ω—É –æ–±–æ—Ä—É–¥–∫—É, –æ—Ä–≥–∞–Ω—ñ–∑–æ–≤–∞–Ω—É –ø–æ—Å–∞–¥–æ–≤—Ü—è–º–∏ –î–µ—Ä–∂—Å–ø–µ—Ü–∑–≤‚Äô—è–∑–∫—É —Ç–∞ –ø—Ä–µ–¥—Å—Ç–∞–≤–Ω–∏–∫–∞–º–∏ –ø—Ä–∏–≤–∞—Ç–Ω–∏—Ö –∫–æ–º–ø–∞–Ω—ñ–π –ø—ñ–¥ —á–∞—Å –∑–∞–∫—É–ø—ñ–≤–µ–ª—å –±–µ–∑–ø—ñ–ª–æ—Ç–Ω–∏–∫—ñ–≤ –¥–ª—è –°–∏–ª –æ–±–æ—Ä–æ–Ω–∏ –£–∫—Ä–∞—ó–Ω–∏. –ß–æ—Ç–∏—Ä—å–æ–º —Ñ—ñ–≥—É—Ä–∞–Ω—Ç–∞–º –ø–æ–≤—ñ–¥–æ–º–ª–µ–Ω–æ –ø—Ä–æ –ø—ñ–¥–æ–∑—Ä—É —É —Ä–æ–∑—Ç—Ä–∞—Ç—ñ –∫–æ—à—Ç—ñ–≤ –≤ –æ—Å–æ–±–ª–∏–≤–æ –≤–µ–ª–∏–∫–∏—Ö —Ä–æ–∑–º—ñ—Ä–∞—Ö.  –¢–†–£–•–ê‚ö°Ô∏è–£–∫—Ä–∞—ó–Ω–∞ | –ù–∞–¥—ñ—Å–ª–∞—Ç–∏ –Ω–æ–≤–∏–Ω—É","–±—ñ–ª—å—à–µ –¥–æ–Ω–∞—Ç—å—Ç–µ,—Ö—Ç–æ—Å—å —Å–æ–±—ñ –ª–∏—à–Ω—é –≤—ñ–ª–ª—É –∫—É–ø–∏—Ç—å."
truexanewsua,124555,"ü§¨üò± –ö–æ—Ä—É–ø—Ü—ñ—è –≤ –æ–±–æ—Ä–æ–Ω—Ü—ñ! 90 –º–ª–Ω –≥—Ä–Ω (!) —Ä–æ–∑–∫—Ä–∞–ª–∏ –Ω–∞ –¥—Ä–æ–Ω–∞—Ö.   –ù–ê–ë–£ —ñ –°–ê–ü –≤–∏–∫—Ä–∏–ª–∏ –º–∞—Å—à—Ç–∞–±–Ω—É –æ–±–æ—Ä—É–¥–∫—É, –æ—Ä–≥–∞–Ω—ñ–∑–æ–≤–∞–Ω—É –ø–æ—Å–∞–¥–æ–≤—Ü—è–º–∏ –î–µ—Ä–∂—Å–ø–µ—Ü–∑–≤‚Äô—è–∑–∫—É —Ç–∞ –ø—Ä–µ–¥—Å—Ç–∞–≤–Ω–∏–∫–∞–º–∏ –ø—Ä–∏–≤–∞—Ç–Ω–∏—Ö –∫–æ–º–ø–∞–Ω—ñ–π –ø—ñ–¥ —á–∞—Å –∑–∞–∫—É–ø—ñ–≤–µ–ª—å –±–µ–∑–ø—ñ–ª–æ—Ç–Ω–∏–∫—ñ–≤ –¥–ª—è –°–∏–ª –æ–±–æ—Ä–æ–Ω–∏ –£–∫—Ä–∞—ó–Ω–∏. –ß–æ—Ç–∏—Ä—å–æ–º —Ñ—ñ–≥—É—Ä–∞–Ω—Ç–∞–º –ø–æ–≤—ñ–¥–æ–º–ª–µ–Ω–æ –ø—Ä–æ –ø—ñ–¥–æ–∑—Ä—É —É —Ä–æ–∑—Ç—Ä–∞—Ç—ñ –∫–æ—à—Ç—ñ–≤ –≤ –æ—Å–æ–±–ª–∏–≤–æ –≤–µ–ª–∏–∫–∏—Ö —Ä–æ–∑–º—ñ—Ä–∞—Ö.  –¢–†–£–•–ê‚ö°Ô∏è–£–∫—Ä–∞—ó–Ω–∞ | –ù–∞–¥—ñ—Å–ª–∞—Ç–∏ –Ω–æ–≤–∏–Ω—É","–†–µ–∞–ª—å–Ω–æ –∫–æ–Ω—á–µ–Ω–Ω—ã–µ!üò° –ü–æ—ç—Ç–æ–º—É, –∫–æ–≥–¥–∞ –±–æ–π—Ü—ã –ø—Ä–æ—Å—è—Ç –¥–æ–Ω–∞—Ç–æ–≤ –¥–µ–π—Å—Ç–≤–∏—Ç–µ–ª—å–Ω–æ –¥–ª—è –Ω—É–∂–¥  -–Ω–∞—Ä–æ–¥ –ø—Ä–æ—Ö–æ–¥–∏—Ç –º–∏–º–æ(( –ò–∑-–∑–∞ —Ç–∞–∫–∏—Ö –≤–æ—Ç —Ö–∞–ø—É–≥!ü§¨"
truexanewsua,124555,"ü§¨üò± –ö–æ—Ä—É–ø—Ü—ñ—è –≤ –æ–±–æ—Ä–æ–Ω—Ü—ñ! 90 –º–ª–Ω –≥—Ä–Ω (!) —Ä–æ–∑–∫—Ä–∞–ª–∏ –Ω–∞ –¥—Ä–æ–Ω–∞—Ö.   –ù–ê–ë–£ —ñ –°–ê–ü –≤–∏–∫—Ä–∏–ª–∏ –º–∞—Å—à—Ç–∞–±–Ω—É –æ–±–æ—Ä—É–¥–∫—É, –æ—Ä–≥–∞–Ω—ñ–∑–æ–≤–∞–Ω—É –ø–æ—Å–∞–¥–æ–≤—Ü—è–º–∏ –î–µ—Ä–∂—Å–ø–µ—Ü–∑–≤‚Äô—è–∑–∫—É —Ç–∞ –ø—Ä–µ–¥—Å—Ç–∞–≤–Ω–∏–∫–∞–º–∏ –ø—Ä–∏–≤–∞—Ç–Ω–∏—Ö –∫–æ–º–ø–∞–Ω—ñ–π –ø—ñ–¥ —á–∞—Å –∑–∞–∫—É–ø—ñ–≤–µ–ª—å –±–µ–∑–ø—ñ–ª–æ—Ç–Ω–∏–∫—ñ–≤ –¥–ª—è –°–∏–ª –æ–±–æ—Ä–æ–Ω–∏ –£–∫—Ä–∞—ó–Ω–∏. –ß–æ—Ç–∏—Ä—å–æ–º —Ñ—ñ–≥—É—Ä–∞–Ω—Ç–∞–º –ø–æ–≤—ñ–¥–æ–º–ª–µ–Ω–æ –ø—Ä–æ –ø—ñ–¥–æ–∑—Ä—É —É —Ä–æ–∑—Ç—Ä–∞—Ç—ñ –∫–æ—à—Ç—ñ–≤ –≤ –æ—Å–æ–±–ª–∏–≤–æ –≤–µ–ª–∏–∫–∏—Ö —Ä–æ–∑–º—ñ—Ä–∞—Ö.  –¢–†–£–•–ê‚ö°Ô∏è–£–∫—Ä–∞—ó–Ω–∞ | –ù–∞–¥—ñ—Å–ª–∞—Ç–∏ –Ω–æ–≤–∏–Ω—É","–†–æ–∑—Å—Ç—Ä–∏–ª—è—Ç–∏ –Ω–∞—Ö—É–π, –∞–±–æ –≤—ñ–¥–ø—Ä–∞–≤–∏—Ç–∏ –Ω–∞ –Ω—É–ª—å, —Å–∫—ñ–ª—å–∫–∏ —Ü–µ –±—É–¥–µ –ø—Ä–æ–¥–æ–≤–∂—É–≤–ø—Ç–∏—Å—è, –ª—é–¥–∏ –¥–æ–Ω–∞—Ç—è—Ç—å –∑ –æ—Å—Ç–∞–Ω–Ω—å–æ–≥–æ –∞ —Ü—ñ —Ç–≤–∞—Ä—é–∫–∏ –ø–∏–∑–¥—è—Ç—å –º—ñ–ª—ñ–æ–Ω–∞–º–∏ –∫–æ–∂–µ–Ω –¥–µ–Ω—å. –°–∫—Ä—ñ–∑—å —â–æ –≤ –æ–±–æ—Ä–æ–Ω—Ü—ñ, —â–æ –≤ —î–Ω–µ—Ä–≥–µ—Ç–∏—Ü—ñ, –≤ –º–∏–¥–∏—Ü–∏–Ω—ñ. –Ü –≤—Å—ñ –≤–∏—Ö–æ–¥—è—Ç—å –ø—ñ–¥ –∑–∞—Å—Ç–∞–≤—É –±–µ–∑–Ω–∞–∫–∞–∑–∞–Ω–æ."
truexanewsua,124555,"ü§¨üò± –ö–æ—Ä—É–ø—Ü—ñ—è –≤ –æ–±–æ—Ä–æ–Ω—Ü—ñ! 90 –º–ª–Ω –≥—Ä–Ω (!) —Ä–æ–∑–∫—Ä–∞–ª–∏ –Ω–∞ –¥—Ä–æ–Ω–∞—Ö.   –ù–ê–ë–£ —ñ –°–ê–ü –≤–∏–∫—Ä–∏–ª–∏ –º–∞—Å—à—Ç–∞–±–Ω—É –æ–±–æ—Ä—É–¥–∫—É, –æ—Ä–≥–∞–Ω—ñ–∑–æ–≤–∞–Ω—É –ø–æ—Å–∞–¥–æ–≤—Ü—è–º–∏ –î–µ—Ä–∂—Å–ø–µ—Ü–∑–≤‚Äô—è–∑–∫—É —Ç–∞ –ø—Ä–µ–¥—Å—Ç–∞–≤–Ω–∏–∫–∞–º–∏ –ø—Ä–∏–≤–∞—Ç–Ω–∏—Ö –∫–æ–º–ø–∞–Ω—ñ–π –ø—ñ–¥ —á–∞—Å –∑–∞–∫—É–ø—ñ–≤–µ–ª—å –±–µ–∑–ø—ñ–ª–æ—Ç–Ω–∏–∫—ñ–≤ –¥–ª—è –°–∏–ª –æ–±–æ—Ä–æ–Ω–∏ –£–∫—Ä–∞—ó–Ω–∏. –ß–æ—Ç–∏—Ä—å–æ–º —Ñ—ñ–≥—É—Ä–∞–Ω—Ç–∞–º –ø–æ–≤—ñ–¥–æ–º–ª–µ–Ω–æ –ø—Ä–æ –ø—ñ–¥–æ–∑—Ä—É —É —Ä–æ–∑—Ç—Ä–∞—Ç—ñ –∫–æ—à—Ç—ñ–≤ –≤ –æ—Å–æ–±–ª–∏–≤–æ –≤–µ–ª–∏–∫–∏—Ö —Ä–æ–∑–º—ñ—Ä–∞—Ö.  –¢–†–£–•–ê‚ö°Ô∏è–£–∫—Ä–∞—ó–Ω–∞ | –ù–∞–¥—ñ—Å–ª–∞—Ç–∏ –Ω–æ–≤–∏–Ω—É",–ë–∞–Ω–∫–∞.
truexanewsua,124555,"ü§¨üò± –ö–æ—Ä—É–ø—Ü—ñ—è –≤ –æ–±–æ—Ä–æ–Ω—Ü—ñ! 90 –º–ª–Ω –≥—Ä–Ω (!) —Ä–æ–∑–∫—Ä–∞–ª–∏ –Ω–∞ –¥—Ä–æ–Ω–∞—Ö.   –ù–ê–ë–£ —ñ –°–ê–ü –≤–∏–∫—Ä–∏–ª–∏ –º–∞—Å—à—Ç–∞–±–Ω—É –æ–±–æ—Ä—É–¥–∫—É, –æ—Ä–≥–∞–Ω—ñ–∑–æ–≤–∞–Ω—É –ø–æ—Å–∞–¥–æ–≤—Ü—è–º–∏ –î–µ—Ä–∂—Å–ø–µ—Ü–∑–≤‚Äô—è–∑–∫—É —Ç–∞ –ø—Ä–µ–¥—Å—Ç–∞–≤–Ω–∏–∫–∞–º–∏ –ø—Ä–∏–≤–∞—Ç–Ω–∏—Ö –∫–æ–º–ø–∞–Ω—ñ–π –ø—ñ–¥ —á–∞—Å –∑–∞–∫—É–ø—ñ–≤–µ–ª—å –±–µ–∑–ø—ñ–ª–æ—Ç–Ω–∏–∫—ñ–≤ –¥–ª—è –°–∏–ª –æ–±–æ—Ä–æ–Ω–∏ –£–∫—Ä–∞—ó–Ω–∏. –ß–æ—Ç–∏—Ä—å–æ–º —Ñ—ñ–≥—É—Ä–∞–Ω—Ç–∞–º –ø–æ–≤—ñ–¥–æ–º–ª–µ–Ω–æ –ø—Ä–æ –ø—ñ–¥–æ–∑—Ä—É —É —Ä–æ–∑—Ç—Ä–∞—Ç—ñ –∫–æ—à—Ç—ñ–≤ –≤ –æ—Å–æ–±–ª–∏–≤–æ –≤–µ–ª–∏–∫–∏—Ö —Ä–æ–∑–º—ñ—Ä–∞—Ö.  –¢–†–£–•–ê‚ö°Ô∏è–£–∫—Ä–∞—ó–Ω–∞ | –ù–∞–¥—ñ—Å–ª–∞—Ç–∏ –Ω–æ–≤–∏–Ω—É","–ê –º–∏ —Ç—É—Ç –ø–æ –≥—Ä–∏–≤–Ω—ñ –Ω–∞ –¥–æ–Ω–∞—Ç, —á—É–∫–∞"
truexanewsua,124555,"ü§¨üò± –ö–æ—Ä—É–ø—Ü—ñ—è –≤ –æ–±–æ—Ä–æ–Ω—Ü—ñ! 90 –º–ª–Ω –≥—Ä–Ω (!) —Ä–æ–∑–∫—Ä–∞–ª–∏ –Ω–∞ –¥—Ä–æ–Ω–∞—Ö.   –ù–ê–ë–£ —ñ –°–ê–ü –≤–∏–∫—Ä–∏–ª–∏ –º–∞—Å—à—Ç–∞–±–Ω—É –æ–±–æ—Ä—É–¥–∫—É, –æ—Ä–≥–∞–Ω—ñ–∑–æ–≤–∞–Ω—É –ø–æ—Å–∞–¥–æ–≤—Ü—è–º–∏ –î–µ—Ä–∂—Å–ø–µ—Ü–∑–≤‚Äô—è–∑–∫—É —Ç–∞ –ø—Ä–µ–¥—Å—Ç–∞–≤–Ω–∏–∫–∞–º–∏ –ø—Ä–∏–≤–∞—Ç–Ω–∏—Ö –∫–æ–º–ø–∞–Ω—ñ–π –ø—ñ–¥ —á–∞—Å –∑–∞–∫—É–ø—ñ–≤–µ–ª—å –±–µ–∑–ø—ñ–ª–æ—Ç–Ω–∏–∫—ñ–≤ –¥–ª—è –°–∏–ª –æ–±–æ—Ä–æ–Ω–∏ –£–∫—Ä–∞—ó–Ω–∏. –ß–æ—Ç–∏—Ä—å–æ–º —Ñ—ñ–≥—É—Ä–∞–Ω—Ç–∞–º –ø–æ–≤—ñ–¥–æ–º–ª–µ–Ω–æ –ø—Ä–æ –ø—ñ–¥–æ–∑—Ä—É —É —Ä–æ–∑—Ç—Ä–∞—Ç—ñ –∫–æ—à—Ç—ñ–≤ –≤ –æ—Å–æ–±–ª–∏–≤–æ –≤–µ–ª–∏–∫–∏—Ö —Ä–æ–∑–º—ñ—Ä–∞—Ö.  –¢–†–£–•–ê‚ö°Ô∏è–£–∫—Ä–∞—ó–Ω–∞ | –ù–∞–¥—ñ—Å–ª–∞—Ç–∏ –Ω–æ–≤–∏–Ω—É","–¢—Ä–µ–±–∞ —Å—Ä–æ—á–Ω–æ –∑–∞–¥–æ–Ω–∞—Ç–∏—Ç—å ,—â–æ–± –∫–æ–º–ø–µ–Ω—Å—É–≤–∞—Ç–∏ –¥–µ—Ñ—ñ—Ü–∏—Ç"
truexanewsua,124555,"ü§¨üò± –ö–æ—Ä—É–ø—Ü—ñ—è –≤ –æ–±–æ—Ä–æ–Ω—Ü—ñ! 90 –º–ª–Ω –≥—Ä–Ω (!) —Ä–æ–∑–∫—Ä–∞–ª–∏ –Ω–∞ –¥—Ä–æ–Ω–∞—Ö.   –ù–ê–ë–£ —ñ –°–ê–ü –≤–∏–∫—Ä–∏–ª–∏ –º–∞—Å—à—Ç–∞–±–Ω—É –æ–±–æ—Ä—É–¥–∫—É, –æ—Ä–≥–∞–Ω—ñ–∑–æ–≤–∞–Ω—É –ø–æ—Å–∞–¥–æ–≤—Ü—è–º–∏ –î–µ—Ä–∂—Å–ø–µ—Ü–∑–≤‚Äô—è–∑–∫—É —Ç–∞ –ø—Ä–µ–¥—Å—Ç–∞–≤–Ω–∏–∫–∞–º–∏ –ø—Ä–∏–≤–∞—Ç–Ω–∏—Ö –∫–æ–º–ø–∞–Ω—ñ–π –ø—ñ–¥ —á–∞—Å –∑–∞–∫—É–ø—ñ–≤–µ–ª—å –±–µ–∑–ø—ñ–ª–æ—Ç–Ω–∏–∫—ñ–≤ –¥–ª—è –°–∏–ª –æ–±–æ—Ä–æ–Ω–∏ –£–∫—Ä–∞—ó–Ω–∏. –ß–æ—Ç–∏—Ä—å–æ–º —Ñ—ñ–≥—É—Ä–∞–Ω—Ç–∞–º –ø–æ–≤—ñ–¥–æ–º–ª–µ–Ω–æ –ø—Ä–æ –ø—ñ–¥–æ–∑—Ä—É —É —Ä–æ–∑—Ç—Ä–∞—Ç—ñ –∫–æ—à—Ç—ñ–≤ –≤ –æ—Å–æ–±–ª–∏–≤–æ –≤–µ–ª–∏–∫–∏—Ö —Ä–æ–∑–º—ñ—Ä–∞—Ö.  –¢–†–£–•–ê‚ö°Ô∏è–£–∫—Ä–∞—ó–Ω–∞ | –ù–∞–¥—ñ—Å–ª–∞—Ç–∏ –Ω–æ–≤–∏–Ω—É",–î–æ–Ω–∞—Ç–∏
truexanewsua,124555,"ü§¨üò± –ö–æ—Ä—É–ø—Ü—ñ—è –≤ –æ–±–æ—Ä–æ–Ω—Ü—ñ! 90 –º–ª–Ω –≥—Ä–Ω (!) —Ä–æ–∑–∫—Ä–∞–ª–∏ –Ω–∞ –¥—Ä–æ–Ω–∞—Ö.   –ù–ê–ë–£ —ñ –°–ê–ü –≤–∏–∫—Ä–∏–ª–∏ –º–∞—Å—à—Ç–∞–±–Ω—É –æ–±–æ—Ä—É–¥–∫—É, –æ—Ä–≥–∞–Ω—ñ–∑–æ–≤–∞–Ω—É –ø–æ—Å–∞–¥–æ–≤—Ü—è–º–∏ –î–µ—Ä–∂—Å–ø–µ—Ü–∑–≤‚Äô—è–∑–∫—É —Ç–∞ –ø—Ä–µ–¥—Å—Ç–∞–≤–Ω–∏–∫–∞–º–∏ –ø—Ä–∏–≤–∞—Ç–Ω–∏—Ö –∫–æ–º–ø–∞–Ω—ñ–π –ø—ñ–¥ —á–∞—Å –∑–∞–∫—É–ø—ñ–≤–µ–ª—å –±–µ–∑–ø—ñ–ª–æ—Ç–Ω–∏–∫—ñ–≤ –¥–ª—è –°–∏–ª –æ–±–æ—Ä–æ–Ω–∏ –£–∫—Ä–∞—ó–Ω–∏. –ß–æ—Ç–∏—Ä—å–æ–º —Ñ—ñ–≥—É—Ä–∞–Ω—Ç–∞–º –ø–æ–≤—ñ–¥–æ–º–ª–µ–Ω–æ –ø—Ä–æ –ø—ñ–¥–æ–∑—Ä—É —É —Ä–æ–∑—Ç—Ä–∞—Ç—ñ –∫–æ—à—Ç—ñ–≤ –≤ –æ—Å–æ–±–ª–∏–≤–æ –≤–µ–ª–∏–∫–∏—Ö —Ä–æ–∑–º—ñ—Ä–∞—Ö.  –¢–†–£–•–ê‚ö°Ô∏è–£–∫—Ä–∞—ó–Ω–∞ | –ù–∞–¥—ñ—Å–ª–∞—Ç–∏ –Ω–æ–≤–∏–Ω—É",–î–æ–Ω–∞—Ç–∏–º–æ –¥–∞–ª—ñ‚Ä¶ ü§¨–û—Ç –∂–µ –∂ —Å—É–∫–∏ –∫–æ–Ω—á–µ–Ω—ñ!
truexanewsua,124555,"ü§¨üò± –ö–æ—Ä—É–ø—Ü—ñ—è –≤ –æ–±–æ—Ä–æ–Ω—Ü—ñ! 90 –º–ª–Ω –≥—Ä–Ω (!) —Ä–æ–∑–∫—Ä–∞–ª–∏ –Ω–∞ –¥—Ä–æ–Ω–∞—Ö.   –ù–ê–ë–£ —ñ –°–ê–ü –≤–∏–∫—Ä–∏–ª–∏ –º–∞—Å—à—Ç–∞–±–Ω—É –æ–±–æ—Ä—É–¥–∫—É, –æ—Ä–≥–∞–Ω—ñ–∑–æ–≤–∞–Ω—É –ø–æ—Å–∞–¥–æ–≤—Ü—è–º–∏ –î–µ—Ä–∂—Å–ø–µ—Ü–∑–≤‚Äô—è–∑–∫—É —Ç–∞ –ø—Ä–µ–¥—Å—Ç–∞–≤–Ω–∏–∫–∞–º–∏ –ø—Ä–∏–≤–∞—Ç–Ω–∏—Ö –∫–æ–º–ø–∞–Ω—ñ–π –ø—ñ–¥ —á–∞—Å –∑–∞–∫—É–ø—ñ–≤–µ–ª—å –±–µ–∑–ø—ñ–ª–æ—Ç–Ω–∏–∫—ñ–≤ –¥–ª—è –°–∏–ª –æ–±–æ—Ä–æ–Ω–∏ –£–∫—Ä–∞—ó–Ω–∏. –ß–æ—Ç–∏—Ä—å–æ–º —Ñ—ñ–≥—É—Ä–∞–Ω—Ç–∞–º –ø–æ–≤—ñ–¥–æ–º–ª–µ–Ω–æ –ø—Ä–æ –ø—ñ–¥–æ–∑—Ä—É —É —Ä–æ–∑—Ç—Ä–∞—Ç—ñ –∫–æ—à—Ç—ñ–≤ –≤ –æ—Å–æ–±–ª–∏–≤–æ –≤–µ–ª–∏–∫–∏—Ö —Ä–æ–∑–º—ñ—Ä–∞—Ö.  –¢–†–£–•–ê‚ö°Ô∏è–£–∫—Ä–∞—ó–Ω–∞ | –ù–∞–¥—ñ—Å–ª–∞—Ç–∏ –Ω–æ–≤–∏–Ω—É",–¢–≤–∞—Ä—ñ –ª—é–¥–∏ –∑ –ø–µ–Ω—Å—ñ–π –¥–æ–Ω–∞—Ç—è—Ç—å–∞ –≤–æ–Ω–∏ –∫–∞—Ä–º–∞–Ω–∏ –Ω–∞–±–∏–≤–∞—é—Ç—å —Ç–∞ —â–µ.—É —Ç–∞–∫–∏–π —á–∞—Å.
truexanewsua,124555,"ü§¨üò± –ö–æ—Ä—É–ø—Ü—ñ—è –≤ –æ–±–æ—Ä–æ–Ω—Ü—ñ! 90 –º–ª–Ω –≥—Ä–Ω (!) —Ä–æ–∑–∫—Ä–∞–ª–∏ –Ω–∞ –¥—Ä–æ–Ω–∞—Ö.   –ù–ê–ë–£ —ñ –°–ê–ü –≤–∏–∫—Ä–∏–ª–∏ –º–∞—Å—à—Ç–∞–±–Ω—É –æ–±–æ—Ä—É–¥–∫—É, –æ—Ä–≥–∞–Ω—ñ–∑–æ–≤–∞–Ω—É –ø–æ—Å–∞–¥–æ–≤—Ü—è–º–∏ –î–µ—Ä–∂—Å–ø–µ—Ü–∑–≤‚Äô—è–∑–∫—É —Ç–∞ –ø—Ä–µ–¥—Å—Ç–∞–≤–Ω–∏–∫–∞–º–∏ –ø—Ä–∏–≤–∞—Ç–Ω–∏—Ö –∫–æ–º–ø–∞–Ω—ñ–π –ø—ñ–¥ —á–∞—Å –∑–∞–∫—É–ø—ñ–≤–µ–ª—å –±–µ–∑–ø—ñ–ª–æ—Ç–Ω–∏–∫—ñ–≤ –¥–ª—è –°–∏–ª –æ–±–æ—Ä–æ–Ω–∏ –£–∫—Ä–∞—ó–Ω–∏. –ß–æ—Ç–∏—Ä—å–æ–º —Ñ—ñ–≥—É—Ä–∞–Ω—Ç–∞–º –ø–æ–≤—ñ–¥–æ–º–ª–µ–Ω–æ –ø—Ä–æ –ø—ñ–¥–æ–∑—Ä—É —É —Ä–æ–∑—Ç—Ä–∞—Ç—ñ –∫–æ—à—Ç—ñ–≤ –≤ –æ—Å–æ–±–ª–∏–≤–æ –≤–µ–ª–∏–∫–∏—Ö —Ä–æ–∑–º—ñ—Ä–∞—Ö.  –¢–†–£–•–ê‚ö°Ô∏è–£–∫—Ä–∞—ó–Ω–∞ | –ù–∞–¥—ñ—Å–ª–∞—Ç–∏ –Ω–æ–≤–∏–Ω—É",–û—Ç —Ç–∞–∫ —ñ –¥–æ–Ω–∞—Ç–∏—Ç—å üò° —è–∫–∏–º–æ—Å—å —Ö–∞–ª—É—è–º —É –∫–∏—à–µ–Ω—ñ ü§¨
truexanewsua,124555,"ü§¨üò± –ö–æ—Ä—É–ø—Ü—ñ—è –≤ –æ–±–æ—Ä–æ–Ω—Ü—ñ! 90 –º–ª–Ω –≥—Ä–Ω (!) —Ä–æ–∑–∫—Ä–∞–ª–∏ –Ω–∞ –¥—Ä–æ–Ω–∞—Ö.   –ù–ê–ë–£ —ñ –°–ê–ü –≤–∏–∫—Ä–∏–ª–∏ –º–∞—Å—à—Ç–∞–±–Ω—É –æ–±–æ—Ä—É–¥–∫—É, –æ—Ä–≥–∞–Ω—ñ–∑–æ–≤–∞–Ω—É –ø–æ—Å–∞–¥–æ–≤—Ü—è–º–∏ –î–µ—Ä–∂—Å–ø–µ—Ü–∑–≤‚Äô—è–∑–∫—É —Ç–∞ –ø—Ä–µ–¥—Å—Ç–∞–≤–Ω–∏–∫–∞–º–∏ –ø—Ä–∏–≤–∞—Ç–Ω–∏—Ö –∫–æ–º–ø–∞–Ω—ñ–π –ø—ñ–¥ —á–∞—Å –∑–∞–∫—É–ø—ñ–≤–µ–ª—å –±–µ–∑–ø—ñ–ª–æ—Ç–Ω–∏–∫—ñ–≤ –¥–ª—è –°–∏–ª –æ–±–æ—Ä–æ–Ω–∏ –£–∫—Ä–∞—ó–Ω–∏. –ß–æ—Ç–∏—Ä—å–æ–º —Ñ—ñ–≥—É—Ä–∞–Ω—Ç–∞–º –ø–æ–≤—ñ–¥–æ–º–ª–µ–Ω–æ –ø—Ä–æ –ø—ñ–¥–æ–∑—Ä—É —É —Ä–æ–∑—Ç—Ä–∞—Ç—ñ –∫–æ—à—Ç—ñ–≤ –≤ –æ—Å–æ–±–ª–∏–≤–æ –≤–µ–ª–∏–∫–∏—Ö —Ä–æ–∑–º—ñ—Ä–∞—Ö.  –¢–†–£–•–ê‚ö°Ô∏è–£–∫—Ä–∞—ó–Ω–∞ | –ù–∞–¥—ñ—Å–ª–∞—Ç–∏ –Ω–æ–≤–∏–Ω—É","–ú–∏ –ø–µ–Ω—Å—ñ–æ–Ω–µ—Ä–∏, –∫–æ–ø—ñ–π–∫–∏ –¥–æ–Ω–∞—Ç–∏–º–æ –Ω–∞ –∞—Ä–º—ñ—é, –∞ –≤–æ–Ω–∏ –Ω–µ–Ω–∞–∂–µ—Ä–ª–∏–≤—ñ –ø–æ—Ç–≤–æ—Ä–∏  ,–∫—Ä–∞–¥—É—Ç—å"
truexanewsua,124555,"ü§¨üò± –ö–æ—Ä—É–ø—Ü—ñ—è –≤ –æ–±–æ—Ä–æ–Ω—Ü—ñ! 90 –º–ª–Ω –≥—Ä–Ω (!) —Ä–æ–∑–∫—Ä–∞–ª–∏ –Ω–∞ –¥—Ä–æ–Ω–∞—Ö.   –ù–ê–ë–£ —ñ –°–ê–ü –≤–∏–∫—Ä–∏–ª–∏ –º–∞—Å—à—Ç–∞–±–Ω—É –æ–±–æ—Ä—É–¥–∫—É, –æ—Ä–≥–∞–Ω—ñ–∑–æ–≤–∞–Ω—É –ø–æ—Å–∞–¥–æ–≤—Ü—è–º–∏ –î–µ—Ä–∂—Å–ø–µ—Ü–∑–≤‚Äô—è–∑–∫—É —Ç–∞ –ø—Ä–µ–¥—Å—Ç–∞–≤–Ω–∏–∫–∞–º–∏ –ø—Ä–∏–≤–∞—Ç–Ω–∏—Ö –∫–æ–º–ø–∞–Ω—ñ–π –ø—ñ–¥ —á–∞—Å –∑–∞–∫—É–ø—ñ–≤–µ–ª—å –±–µ–∑–ø—ñ–ª–æ—Ç–Ω–∏–∫—ñ–≤ –¥–ª—è –°–∏–ª –æ–±–æ—Ä–æ–Ω–∏ –£–∫—Ä–∞—ó–Ω–∏. –ß–æ—Ç–∏—Ä—å–æ–º —Ñ—ñ–≥—É—Ä–∞–Ω—Ç–∞–º –ø–æ–≤—ñ–¥–æ–º–ª–µ–Ω–æ –ø—Ä–æ –ø—ñ–¥–æ–∑—Ä—É —É —Ä–æ–∑—Ç—Ä–∞—Ç—ñ –∫–æ—à—Ç—ñ–≤ –≤ –æ—Å–æ–±–ª–∏–≤–æ –≤–µ–ª–∏–∫–∏—Ö —Ä–æ–∑–º—ñ—Ä–∞—Ö.  –¢–†–£–•–ê‚ö°Ô∏è–£–∫—Ä–∞—ó–Ω–∞ | –ù–∞–¥—ñ—Å–ª–∞—Ç–∏ –Ω–æ–≤–∏–Ω—É","–î–æ–Ω–∞—Ç–∏ –∑–∞–∫–∏–¥—É–π—Ç–µ –≤–∏–∫–ª—é—á–Ω–æ –≤–∞—à–∏—Ö –¥—Ä—É–∑—è–º –≤—ñ–π—Å—å–∫–æ–≤–∏–º –≤ —Ä—É–∫–∏) –ù–µ –≤—ñ—Ä—Ç–µ –Ω—ñ –°—Ç–µ—Ä–Ω–µ–Ω–∫–∞–º, –Ω—ñ –õ–∞—á–µ–Ω–∞–º, –Ω—ñ –ü—Ä–∏—Ç—É–ª–∞–º –í–∏ –¥–ª—è –Ω–∏—Ö —Å–∫–æ—Ç ‚Äî –∑ —è–∫–æ–≥–æ –≤–∏–∫–ª—é—á–Ω–æ –∫–∞—á–∞—é—Ç—å –æ—Å—Ç–∞–Ω–Ω—ñ –≥—Ä–æ—à—ñ)"
truexanewsua,124555,"ü§¨üò± –ö–æ—Ä—É–ø—Ü—ñ—è –≤ –æ–±–æ—Ä–æ–Ω—Ü—ñ! 90 –º–ª–Ω –≥—Ä–Ω (!) —Ä–æ–∑–∫—Ä–∞–ª–∏ –Ω–∞ –¥—Ä–æ–Ω–∞—Ö.   –ù–ê–ë–£ —ñ –°–ê–ü –≤–∏–∫—Ä–∏–ª–∏ –º–∞—Å—à—Ç–∞–±–Ω—É –æ–±–æ—Ä—É–¥–∫—É, –æ—Ä–≥–∞–Ω—ñ–∑–æ–≤–∞–Ω—É –ø–æ—Å–∞–¥–æ–≤—Ü—è–º–∏ –î–µ—Ä–∂—Å–ø–µ—Ü–∑–≤‚Äô—è–∑–∫—É —Ç–∞ –ø—Ä–µ–¥—Å—Ç–∞–≤–Ω–∏–∫–∞–º–∏ –ø—Ä–∏–≤–∞—Ç–Ω–∏—Ö –∫–æ–º–ø–∞–Ω—ñ–π –ø—ñ–¥ —á–∞—Å –∑–∞–∫—É–ø—ñ–≤–µ–ª—å –±–µ–∑–ø—ñ–ª–æ—Ç–Ω–∏–∫—ñ–≤ –¥–ª—è –°–∏–ª –æ–±–æ—Ä–æ–Ω–∏ –£–∫—Ä–∞—ó–Ω–∏. –ß–æ—Ç–∏—Ä—å–æ–º —Ñ—ñ–≥—É—Ä–∞–Ω—Ç–∞–º –ø–æ–≤—ñ–¥–æ–º–ª–µ–Ω–æ –ø—Ä–æ –ø—ñ–¥–æ–∑—Ä—É —É —Ä–æ–∑—Ç—Ä–∞—Ç—ñ –∫–æ—à—Ç—ñ–≤ –≤ –æ—Å–æ–±–ª–∏–≤–æ –≤–µ–ª–∏–∫–∏—Ö —Ä–æ–∑–º—ñ—Ä–∞—Ö.  –¢–†–£–•–ê‚ö°Ô∏è–£–∫—Ä–∞—ó–Ω–∞ | –ù–∞–¥—ñ—Å–ª–∞—Ç–∏ –Ω–æ–≤–∏–Ω—É","–ê –º—ã –î–æ–Ω–∞—Ç–∏–º –¥–µ–±–∏–ª—ã —Å—É–∫–∞ –º—ã –¥–µ–±–∏–ª—ã –∞ —ç—Ç–∏ —Ç–≤–∞—Ä–∏ –æ—Ç–¥—ã—Ö–∞—Ç—å –ª–µ—Ç–∞—é—Ç –ø–æ–∫–∞ –º—ã —Å–∫–∏–¥—ã–≤–∞–µ–º—Å—è , —Å—É–∫–∞ —Ö—É–π –±–æ–ª—å—à–µ –∫–æ–ø–µ–π–∫—É –∫–∏–Ω—É –ª—É—á—à–µ –¥–∞–º –≤–æ–µ–Ω–Ω–æ–º—É –≤ —Ä—É–∫–∏ –Ω–∞ —É–ª–∏—Ü–µ"
truexanewsua,124555,"ü§¨üò± –ö–æ—Ä—É–ø—Ü—ñ—è –≤ –æ–±–æ—Ä–æ–Ω—Ü—ñ! 90 –º–ª–Ω –≥—Ä–Ω (!) —Ä–æ–∑–∫—Ä–∞–ª–∏ –Ω–∞ –¥—Ä–æ–Ω–∞—Ö.   –ù–ê–ë–£ —ñ –°–ê–ü –≤–∏–∫—Ä–∏–ª–∏ –º–∞—Å—à—Ç–∞–±–Ω—É –æ–±–æ—Ä—É–¥–∫—É, –æ—Ä–≥–∞–Ω—ñ–∑–æ–≤–∞–Ω—É –ø–æ—Å–∞–¥–æ–≤—Ü—è–º–∏ –î–µ—Ä–∂—Å–ø–µ—Ü–∑–≤‚Äô—è–∑–∫—É —Ç–∞ –ø—Ä–µ–¥—Å—Ç–∞–≤–Ω–∏–∫–∞–º–∏ –ø—Ä–∏–≤–∞—Ç–Ω–∏—Ö –∫–æ–º–ø–∞–Ω—ñ–π –ø—ñ–¥ —á–∞—Å –∑–∞–∫—É–ø—ñ–≤–µ–ª—å –±–µ–∑–ø—ñ–ª–æ—Ç–Ω–∏–∫—ñ–≤ –¥–ª—è –°–∏–ª –æ–±–æ—Ä–æ–Ω–∏ –£–∫—Ä–∞—ó–Ω–∏. –ß–æ—Ç–∏—Ä—å–æ–º —Ñ—ñ–≥—É—Ä–∞–Ω—Ç–∞–º –ø–æ–≤—ñ–¥–æ–º–ª–µ–Ω–æ –ø—Ä–æ –ø—ñ–¥–æ–∑—Ä—É —É —Ä–æ–∑—Ç—Ä–∞—Ç—ñ –∫–æ—à—Ç—ñ–≤ –≤ –æ—Å–æ–±–ª–∏–≤–æ –≤–µ–ª–∏–∫–∏—Ö —Ä–æ–∑–º—ñ—Ä–∞—Ö.  –¢–†–£–•–ê‚ö°Ô∏è–£–∫—Ä–∞—ó–Ω–∞ | –ù–∞–¥—ñ—Å–ª–∞—Ç–∏ –Ω–æ–≤–∏–Ω—É",–Ü –Ω—Ö—É—è —ó–º –Ω–µ –±—É–¥–µ ! –ê –≤–∏ —Å—ñ—Ä—è–∫–∏ –¥–æ–Ω–∞—Ç—å—Ç–µ —ñ –Ω–µ –∑–≤–µ—Ä—Ç–∞–π—Ç–µ —É–≤–∞–≥–∏ –Ω–∞ –∫–æ—Ä—É–ø—Ü—ñ—é üî•
truexanewsua,119953,"üí∞–ö–æ—Ä—É–ø—Ü—ñ—è –≤ –î–Ω—ñ–ø—Ä–æ–≤—Å—å–∫–æ–º—É –¢–¶–ö –ö–∏—î–≤–∞: –ú–æ–ª–¥–æ–≤–∞ –æ–≥–æ–ª–æ—Å–∏–ª–∞ –≤ —Ä–æ–∑—à—É–∫ —Ñ—ñ–≥—É—Ä–∞–Ω—Ç–∞ —Å—Ö–µ–º–∏ –ü–µ—Ç—Ä–∞ –ú–µ–ª—å–Ω–∏–∫–∞ ‚Äî –¥—Ä—É–≥–∞ —á–∞—Å—Ç–∏–Ω–∞ —Ä–æ–∑—Å–ª—ñ–¥—É–≤–∞–Ω–Ω—è UA.NEWS  –ó–∞ –µ–∫—Å–∫–ª—é–∑–∏–≤–Ω–∏–º–∏ –¥–æ–∫—É–º–µ–Ω—Ç–∞–º–∏ –º–æ–ª–¥–æ–≤—Å—å–∫–æ—ó –ø—Ä–∏–∫–æ—Ä–¥–æ–Ω–Ω–æ—ó –ø–æ–ª—ñ—Ü—ñ—ó, –æ—Ç—Ä–∏–º–∞–Ω–∏–º–∏ –Ω–∞—à–æ—é —Ä–µ–¥–∞–∫—Ü—ñ—î—é, –≤–∏—è–≤–∏–ª–æ—Å—å, —â–æ¬†–ú–µ–ª—å–Ω–∏–∫ –ø–µ—Ä–µ—Ç–Ω—É–≤ –∫–æ—Ä–¥–æ–Ω –∑ –ú–æ–ª–¥–æ–≤–æ—é –Ω–µ–ª–µ–≥–∞–ª—å–Ω–æ —ñ —Ç–µ–ø–µ—Ä –π–æ–≥–æ —Ä–æ–∑—à—É–∫—É—é—Ç—å –∑–∞ –∑–≤–∏–Ω—É–≤–∞—á–µ–Ω–Ω—è–º —É –ø–æ—Ä—É—à–µ–Ω–Ω—ñ –ø—Ä–∏–∫–æ—Ä–¥–æ–Ω–Ω–æ–≥–æ —Ä–µ–∂–∏–º—É. –ü–æ—á–∞—Ç–æ–∫ —ñ—Å—Ç–æ—Ä—ñ—ó ‚Äî —Ç—É—Ç.  üî•–ü—ñ–¥–ø–∏—Å–∞—Ç–∏—Å—è –Ω–∞ –∫–∞–Ω–∞–ª ‚ö°Ô∏è–ù–∞–¥—ñ—Å–ª–∞—Ç–∏ –Ω–æ–≤–∏–Ω—É","–ù–µ —Å–º—ñ–π—Ç–µ –ø–∞–ø–ª—é–∂–∏—Ç–∏ –¢–¶–ö! –¶–µ –≤—Å–µ –Ü–ü–°–û!!! –ê —è–∫—â–æ —è–∫—ñ—Å—å –≥—Ä–æ—à—ñ –≤ —Ñ—ñ–≥—É—Ä—É—é—Ç—å, —Ç–æ —Ü—ñ –≥—Ä–æ—à—ñ –≤—ñ–¥–¥–∞–ª–∏ –Ω–∞ –¥–æ–Ω–∞—Ç–∏ –ø–∞–Ω—É –°—Ç–µ–ø–∞–Ω–µ–Ω–∫–æ! –£ –¢–¶–ö –ø—Ä–∞—Ü—é—é—Ç—å –∫—Ä–∏—Å—Ç–∞–ª—å–Ω–æ —á–∏—Å—Ç—ñ –ª—é–¥–∏, 8–≤—Ä–µ—Ü—å—Ç—ñ —Å–æ–≤—ñ—Å—Ç—å –Ω–∞—à–æ—ó –Ω–∞—Ü—ñ—ó!"
truexanewsua,118495,"–ù–∞ —Ö–∞–±–∞—Ä—ñ —Å–ø—ñ–π–º–∞–ª–∏ –æ–¥–Ω–æ–≥–æ –∑ –Ω–∞—Ä–¥–µ–ø—ñ–≤, ‚Äì –¥–æ–ø–æ–≤—ñ–¥—å –æ—á—ñ–ª—å–Ω–∏–∫—ñ–≤ –ù–ê–ë–£ —Ç–∞ –°–ê–ü –ó–µ–ª–µ–Ω—Å—å–∫–æ–º—É.  ¬´–í–∞–∂–ª–∏–≤–æ, —â–æ –∞–Ω—Ç–∏–∫–æ—Ä—É–ø—Ü—ñ–π–Ω—ñ –æ—Ä–≥–∞–Ω–∏ –ø—Ä–∞—Ü—é—é—Ç—å, –∞ —É—Ö–≤–∞–ª–µ–Ω–∏–π –∑–∞–∫–æ–Ω –¥–∞—î —ó–º –≤—Å—ñ –º–æ–∂–ª–∏–≤–æ—Å—Ç—ñ –¥–ª—è –±–æ—Ä–æ—Ç—å–±–∏ –∑ –∫–æ—Ä—É–ø—Ü—ñ—î—é¬ª.  –¢–†–£–•–ê‚ö°Ô∏è–£–∫—Ä–∞—ó–Ω–∞ | –ù–∞–¥—ñ—Å–ª–∞—Ç–∏ –Ω–æ–≤–∏–Ω—É","–ù–∞ ""0"" –¥–æ –ø–æ–ª–Ω–æ–π –ø–æ–±–µ–¥—ã, –±–µ–∑ ""–∫–∞–Ω–∏–∫—É–ª"", –≤—Å–µ —Å–Ω–∞—Ä—è–∂–µ–Ω–∏–µ –∑–∞ —Å–≤–æ–π —Å—á–µ—Ç. –°—É–∫–∏. –õ—é–¥–∏ –¥–æ–Ω–∞—Ç—è—Ç, –∞ —ç—Ç–∏ –º—Ä–∞–∑–∏ –∫–∞—Ä–º–∞–Ω—ã –Ω–∞–±–∏–≤–∞—é—Ç. –ë—É–¥–µ—Ç ""300"" , —á—Ç–æ–±—ã –Ω–∞ –ø–æ–ª–µ –∏ –æ—Å—Ç–∞–≤–∞–ª—Å—è. –ü–æ—Ç–æ–º—É —á—Ç–æ –∑–∞–∫–æ–Ω –Ω–µ–≥–ª–∞—Å–Ω—ã–π –ø—Ä–∏–¥—É–º–∞–ª–∏, ""300"" –Ω–µ –≤—ã–Ω–æ—Å–∏—Ç—å - —á—Ç–æ–±—ã –¥–µ–Ω—å–≥–∏ –Ω–µ –≤—ã–ø–ª–∞—á–∏–≤–∞—Ç—å."
truexanewsua,117878,"ü§î –ú–∏ –ø–æ–¥–æ–ª–∞—î–º–æ –∫–æ—Ä—É–ø—Ü—ñ—é, –∫–æ–ª–∏ –≥—Ä–æ–º–∞–¥—è–Ω–∏ –≤—ñ–¥–º–æ–≤–ª—è—Ç—å—Å—è –≤—ñ–¥ –¥–∞–≤–∞–Ω–Ω—è —Ö–∞–±–∞—Ä—ñ–≤, ‚Äì –Ω–∞—Ä–¥–µ–ø –ú–∞—Ä—á—É–∫.  –¢–†–£–•–ê‚ö°Ô∏è–£–∫—Ä–∞—ó–Ω–∞ | –ù–∞–¥—ñ—Å–ª–∞—Ç–∏ –Ω–æ–≤–∏–Ω—É","–¢–∞ —Ü–µ –º–∏ –≤–∏–Ω–Ω—ñ? –ú–∞–±—É—Ç—å –Ω–∞ –¥—Ä–æ–Ω–∏ –¥–æ–Ω–∞—Ç–∏–ª–∏ —Ç–∞ —Å–ø–æ–∫—É—Å–∏–ª–∏ –º–∞—Ä—á—É–∫–∞, —à–∞–±—É–Ω—ñ–Ω–∞ —á–∏ —â–µ –∫–æ–≥–æ—Å—å —Ü—ñ –≥—Ä–æ—à—ñ –≤–∫—Ä–∞—Å—Ç–∏?"
ssternenko,51858,"–ù–ê–ë–£ —ñ –°–ê–ü –∑–∞–¥–æ–∫—É–º–µ–Ω—Ç—É–≤–∞–ª–∏, —è–∫ —É—á–∞—Å–Ω–∏–∫–∏ –∑–ª–æ—á–∏–Ω–Ω–æ—ó –æ—Ä–≥–∞–Ω—ñ–∑–∞—Ü—ñ—ó –ø–µ—Ä–µ–¥–∞–≤–∞–ª–∏ —Ö–∞–±–∞—Ä—ñ –∫–æ–ª–∏—à–Ω—å–æ–º—É –≤—ñ—Ü–µ–ø—Ä–µ–º‚Äô—î—Ä-–º—ñ–Ω—ñ—Å—Ç—Ä—É –£–∫—Ä–∞—ó–Ω–∏ –û–ª–µ–∫—Å—ñ—é –ß–µ—Ä–Ω–∏—à–æ–≤—É, —è–∫–æ–≥–æ –≤—Å–µ—Ä–µ–¥–∏–Ω—ñ –≥—Ä—É–ø–∏ –Ω–∞–∑–∏–≤–∞–ª–∏ –ß–µ –ì–µ–≤–∞—Ä–∞.  –°–ª—ñ–¥—á—ñ –∑–∞–¥–æ–∫—É–º–µ–Ω—Ç—É–≤–∞–ª–∏ –ø–µ—Ä–µ–¥–∞—á—É 1,2 –º—ñ–ª—å–π–æ–Ω–∞ –¥–æ–ª–∞—Ä—ñ–≤ —ñ –º–∞–π–∂–µ 100 —Ç–∏—Å—è—á —î–≤—Ä–æ –≥–æ—Ç—ñ–≤–∫–æ—é ‚Äî —á–∞—Å—Ç–∏–Ω—É –≥—Ä–æ—à–µ–π –¥–∞–≤–∞–ª–∏ –≤ –æ—Ñ—ñ—Å—ñ, —ñ–Ω—à—É ‚Äî —É –∫–ª—ñ–Ω—ñ—Ü—ñ, —â–æ –Ω–∞–ª–µ–∂–∞–ª–∞ –æ–¥–Ω–æ–º—É –∑ —É—á–∞—Å–Ω–∏–∫—ñ–≤ —É–≥—Ä—É–ø–æ–≤–∞–Ω–Ω—è.  –ü—ñ—Å–ª—è —Ç–æ–≥–æ —è–∫ –ß–µ –ì–µ–≤–∞—Ä–∞ —Å—Ç–∞–≤ –ø—ñ–¥–æ–∑—Ä—é–≤–∞–Ω–∏–º –ù–ê–ë–£ —ñ –°–ê–ü, –π–æ–≥–æ –¥—Ä—É–∂–∏–Ω–∞ –æ—Ç—Ä–∏–º–∞–ª–∞ —â–µ 500 —Ç–∏—Å—è—á –¥–æ–ª–∞—Ä—ñ–≤.","—Ö—Ç–æ—Å—å –¥–æ–Ω–∞—Ç–∏—Ç—å , —Ö—Ç–æ—Å—å —Å–∏–¥–∏—Ç—å –≤ –æ–∫–æ–ø—ñ —Ä–æ–∫–∞–º–∏ –≤–∂–µ, —Ö—Ç–æ—Å—å –≤—Ç—Ä–∞—Ç–∏–≤ –¥—Ä—É–∑—ñ–≤ , —Ä–æ–¥–∏–Ω—É, –∞ —Ö—Ç–æ—Å—å –±–µ–∑–±–æ–∂–Ω–æ –∫—Ä–∞–¥–µ –≥—Ä–æ—à—ñ –ø—ñ–¥ –∫–µ—Ä—ñ–≤–Ω–∏—Ü—Ç–≤–æ–º —Å–∞–º–æ–≥–æ –∑–µ.  –û—Å—å —ñ –¥–∞–º–∞–π—Ç–µ, –∑–∞ —à–æ –≤–æ—é—î–º –≤–∑–∞–≥–∞–ª—ñ, —Ü–µ —Ç–∞–∫ –Ω–µ –ø–æ–≤–∏–Ω–Ω–æ –ø—Ä–∞—Ü—é–≤–∞—Ç–∏, —è–∫—â–æ —Ö–æ—á–µ–º–æ –¥–∞—Ç–∏ –≤–æ—Ä–æ–≥—É –≤—ñ–¥—Å—ñ—á —Ç–æ –≤—Å—ñ –∑–∞–ª—É—á–µ–Ω—ñ, –∞ –Ω–µ —Ç–∞–∫, —â–æ —Ç–∞–º –∂ –≤–æ—Ä–æ–≥ –∑–æ–≤–Ω—ñ—à–Ω—ñ–π —ñ —â–µ –≤–Ω—É—Ç—Ä—ñ—à–Ω—ñ–π –≤–æ –≥–ª–∞–≤—ñ –∑ —Å–∞–º–∏–º –ø—Ä–µ–∑–∏–¥–µ–Ω—Ç–æ–º."
ssternenko,51858,"–ù–ê–ë–£ —ñ –°–ê–ü –∑–∞–¥–æ–∫—É–º–µ–Ω—Ç—É–≤–∞–ª–∏, —è–∫ —É—á–∞—Å–Ω–∏–∫–∏ –∑–ª–æ—á–∏–Ω–Ω–æ—ó –æ—Ä–≥–∞–Ω—ñ–∑–∞—Ü—ñ—ó –ø–µ—Ä–µ–¥–∞–≤–∞–ª–∏ —Ö–∞–±–∞—Ä—ñ –∫–æ–ª–∏—à–Ω—å–æ–º—É –≤—ñ—Ü–µ–ø—Ä–µ–º‚Äô—î—Ä-–º—ñ–Ω—ñ—Å—Ç—Ä—É –£–∫—Ä–∞—ó–Ω–∏ –û–ª–µ–∫—Å—ñ—é –ß–µ—Ä–Ω–∏—à–æ–≤—É, —è–∫–æ–≥–æ –≤—Å–µ—Ä–µ–¥–∏–Ω—ñ –≥—Ä—É–ø–∏ –Ω–∞–∑–∏–≤–∞–ª–∏ –ß–µ –ì–µ–≤–∞—Ä–∞.  –°–ª—ñ–¥—á—ñ –∑–∞–¥–æ–∫—É–º–µ–Ω—Ç—É–≤–∞–ª–∏ –ø–µ—Ä–µ–¥–∞—á—É 1,2 –º—ñ–ª—å–π–æ–Ω–∞ –¥–æ–ª–∞—Ä—ñ–≤ —ñ –º–∞–π–∂–µ 100 —Ç–∏—Å—è—á —î–≤—Ä–æ –≥–æ—Ç—ñ–≤–∫–æ—é ‚Äî —á–∞—Å—Ç–∏–Ω—É –≥—Ä–æ—à–µ–π –¥–∞–≤–∞–ª–∏ –≤ –æ—Ñ—ñ—Å—ñ, —ñ–Ω—à—É ‚Äî —É –∫–ª—ñ–Ω—ñ—Ü—ñ, —â–æ –Ω–∞–ª–µ–∂–∞–ª–∞ –æ–¥–Ω–æ–º—É –∑ —É—á–∞—Å–Ω–∏–∫—ñ–≤ —É–≥—Ä—É–ø–æ–≤–∞–Ω–Ω—è.  –ü—ñ—Å–ª—è —Ç–æ–≥–æ —è–∫ –ß–µ –ì–µ–≤–∞—Ä–∞ —Å—Ç–∞–≤ –ø—ñ–¥–æ–∑—Ä—é–≤–∞–Ω–∏–º –ù–ê–ë–£ —ñ –°–ê–ü, –π–æ–≥–æ –¥—Ä—É–∂–∏–Ω–∞ –æ—Ç—Ä–∏–º–∞–ª–∞ —â–µ 500 —Ç–∏—Å—è—á –¥–æ–ª–∞—Ä—ñ–≤.","–¢–∞ —è —Å–∞–º–∞ –≤–∏–ø–∞–ª–∞. –ü—Ä–∞–≤–¥–∞ —Ç–µ –ø–æ–≤—ñ–¥–æ–º–ª–µ–Ω–Ω—è –∑–∞—Ç–µ—Ä–ª–∏, —ñ —è –Ω–µ –≤—Å—Ç–∏–≥–ª–∞ –≤–ª–∞—à—Ç—É–≤–∞—Ç–∏ —Ä–æ–∑–±—ñ—Ä–∫–∏. –ê–ª–µ —Ä–µ–ø—É—Ç–∞—Ü—ñ—è –≤—ñ–¥ —Ç–∞–∫–æ–≥–æ –º–æ–∂–µ –ø–æ—Å—Ç—Ä–∞–∂–¥–∞—Ç–∏. –¶–µ —Ñ–∞–∫—Çü§î"
ssternenko,51858,"–ù–ê–ë–£ —ñ –°–ê–ü –∑–∞–¥–æ–∫—É–º–µ–Ω—Ç—É–≤–∞–ª–∏, —è–∫ —É—á–∞—Å–Ω–∏–∫–∏ –∑–ª–æ—á–∏–Ω–Ω–æ—ó –æ—Ä–≥–∞–Ω—ñ–∑–∞—Ü—ñ—ó –ø–µ—Ä–µ–¥–∞–≤–∞–ª–∏ —Ö–∞–±–∞—Ä—ñ –∫–æ–ª–∏—à–Ω—å–æ–º—É –≤—ñ—Ü–µ–ø—Ä–µ–º‚Äô—î—Ä-–º—ñ–Ω—ñ—Å—Ç—Ä—É –£–∫—Ä–∞—ó–Ω–∏ –û–ª–µ–∫—Å—ñ—é –ß–µ—Ä–Ω–∏—à–æ–≤—É, —è–∫–æ–≥–æ –≤—Å–µ—Ä–µ–¥–∏–Ω—ñ –≥—Ä—É–ø–∏ –Ω–∞–∑–∏–≤–∞–ª–∏ –ß–µ –ì–µ–≤–∞—Ä–∞.  –°–ª—ñ–¥—á—ñ –∑–∞–¥–æ–∫—É–º–µ–Ω—Ç—É–≤–∞–ª–∏ –ø–µ—Ä–µ–¥–∞—á—É 1,2 –º—ñ–ª—å–π–æ–Ω–∞ –¥–æ–ª–∞—Ä—ñ–≤ —ñ –º–∞–π–∂–µ 100 —Ç–∏—Å—è—á —î–≤—Ä–æ –≥–æ—Ç—ñ–≤–∫–æ—é ‚Äî —á–∞—Å—Ç–∏–Ω—É –≥—Ä–æ—à–µ–π –¥–∞–≤–∞–ª–∏ –≤ –æ—Ñ—ñ—Å—ñ, —ñ–Ω—à—É ‚Äî —É –∫–ª—ñ–Ω—ñ—Ü—ñ, —â–æ –Ω–∞–ª–µ–∂–∞–ª–∞ –æ–¥–Ω–æ–º—É –∑ —É—á–∞—Å–Ω–∏–∫—ñ–≤ —É–≥—Ä—É–ø–æ–≤–∞–Ω–Ω—è.  –ü—ñ—Å–ª—è —Ç–æ–≥–æ —è–∫ –ß–µ –ì–µ–≤–∞—Ä–∞ —Å—Ç–∞–≤ –ø—ñ–¥–æ–∑—Ä—é–≤–∞–Ω–∏–º –ù–ê–ë–£ —ñ –°–ê–ü, –π–æ–≥–æ –¥—Ä—É–∂–∏–Ω–∞ –æ—Ç—Ä–∏–º–∞–ª–∞ —â–µ 500 —Ç–∏—Å—è—á –¥–æ–ª–∞—Ä—ñ–≤.",–î–æ–ø–æ–º–æ–∂—ñ—Ç—å –≤—ñ–π—Å—å–∫—É!  –ü–æ—Å—Ç—ñ–π–Ω–∞ –±–∞–Ω–∫–∞: send.monobank.ua/jar/2JbpBYkhMv  –ë–∞–Ω–∫–∞ –Ω–∞ –®–∞—Ö–µ–¥–æ—Ä—ñ–∑: send.monobank.ua/jar/8VKoiC3p6q  –ú–æ–Ω–æ–±–∞–∑–∞: base.monobank.ua/rusoriz  PayPal: sternenkopaypal@gmail.com  –ö–æ–Ω–≤–µ—Ä—Ç –ü—Ä–∏–≤–∞—Ç: https://www.privat24.ua/send/3jhyx  –ö–∞—Ä—Ç–∞ –∫–æ–Ω–≤–µ—Ä—Ç–∞: 5168752135776451  –ö—Ä–∏–ø—Ç–∞: https://rusoriz.pay.whitepay.com/donation  –ë—ñ–ª—å—à–µ —Ä–µ–∫–≤—ñ–∑–∏—Ç—ñ–≤ (—É —Ç–æ–º—É —á–∏—Å–ª—ñ –¥–ª—è —é—Ä–æ—Å—ñ–±): sternenkofund.org/donate  ‚ùóÔ∏è–Ø–∫—â–æ –≤–∞–º –≤ —Ç–≥ –ø–∏—à—É—Ç—å –≤—ñ–¥ –º–æ–≥–æ —ñ–º–µ–Ω—ñ —ñ —â–æ—Å—å –ø—Ä–æ—Å—è—Ç—å ‚Äî —Ü–µ —à–∞—Ö—Ä–∞—ó.  –£–°–Ü –∑–±–æ—Ä–∏ –Ω–∞ –∞—Ä–º—ñ—é –ø—É–±–ª—ñ—á–Ω—ñ —Ç–∞ –¢–Ü–õ–¨–ö–ò —á–µ—Ä–µ–∑ —Ü–µ–π –∫–∞–Ω–∞–ª —Ç–∞ –∫–∞–Ω–∞–ª —Ñ–æ–Ω–¥—É.
ssternenko,51815,"–í –û—Ñ—ñ—Å—ñ –ø—Ä–µ–∑–∏–¥–µ–Ω—Ç–∞ –ø–æ–≤—ñ–¥–æ–º–∏–ª–∏, —â–æ –ø—ñ–¥—Ç—Ä–∏–º—É—é—Ç—å —Ä–æ–∑—Å–ª—ñ–¥—É–≤–∞–Ω–Ω—è –ù–ê–ë–£ —ñ –°–ê–ü —â–æ–¥–æ —Ä–æ–∑–∫—Ä–∞–¥–∞–Ω–Ω—è –≤ —É–∫—Ä–∞—ó–Ω—Å—å–∫—ñ–π –µ–Ω–µ—Ä–≥–µ—Ç–∏—Ü—ñ.  –û—á–µ–≤–∏–¥–Ω–æ, —â–æ –º–∞—î –±—É—Ç–∏ –Ω–µ–≤—ñ–¥–≤–æ—Ä–æ—Ç–Ω—ñ—Å—Ç—å –ø–æ–∫–∞—Ä–∞–Ω–Ω—è, —ñ —è–∫—â–æ —î —Ç–∞–∫–µ –∑–≤–∏–Ω—É–≤–∞—á–µ–Ω–Ω—è ‚Äî –º–∞—é—Ç—å –±—É—Ç–∏ –ø—ñ–¥–æ–∑—Ä–∏ —Ç–∞ —ñ–Ω—à—ñ –Ω–µ–æ–±—Ö—ñ–¥–Ω—ñ –ø—Ä–æ—Ü–µ—Å—É–∞–ª—å–Ω—ñ –¥—ñ—ó, —Ç–æ–∂ –º–∏ –ø—ñ–¥—Ç—Ä–∏–º—É—î–º–æ —Ü–µ, ‚Äî –∑–∞—è–≤–∏–≤ —Ä–∞–¥–Ω–∏–∫ –ø—Ä–µ–∑–∏–¥–µ–Ω—Ç–∞ –∑ –∫–æ–º—É–Ω—ñ–∫–∞—Ü—ñ–π –î–º–∏—Ç—Ä–æ –õ–∏—Ç–≤–∏–Ω —É –∫–æ–º–µ–Ω—Ç–∞—Ä—ñ –°—É—Å–ø—ñ–ª—å–Ω–æ–º—É.  –¢–∞–∫–æ–∂ –¥–æ–¥–∞–≤, —â–æ –û–ü –ø—ñ–¥—Ç—Ä–∏–º—É–≤–∞—Ç–∏–º–µ –π ¬´—ñ–Ω—à—ñ –ø—Ä–æ—Ü–µ—Å—É–∞–ª—å–Ω—ñ –¥—ñ—ó¬ª, —è–∫ —Ç—ñ–ª—å–∫–∏ –∑ º—è–≤–ª—è—Ç—å—Å—è —é—Ä–∏–¥–∏—á–Ω—ñ –¥–µ—Ç–∞–ª—ñ.",–ó–∞ –¥–æ–Ω–∞—Ç —Ä–∞–∑ –Ω–∞ –¥–µ–Ω—å –Ω–µ –±—É–¥—É—Ç—å
ssternenko,51815,"–í –û—Ñ—ñ—Å—ñ –ø—Ä–µ–∑–∏–¥–µ–Ω—Ç–∞ –ø–æ–≤—ñ–¥–æ–º–∏–ª–∏, —â–æ –ø—ñ–¥—Ç—Ä–∏–º—É—é—Ç—å —Ä–æ–∑—Å–ª—ñ–¥—É–≤–∞–Ω–Ω—è –ù–ê–ë–£ —ñ –°–ê–ü —â–æ–¥–æ —Ä–æ–∑–∫—Ä–∞–¥–∞–Ω–Ω—è –≤ —É–∫—Ä–∞—ó–Ω—Å—å–∫—ñ–π –µ–Ω–µ—Ä–≥–µ—Ç–∏—Ü—ñ.  –û—á–µ–≤–∏–¥–Ω–æ, —â–æ –º–∞—î –±—É—Ç–∏ –Ω–µ–≤—ñ–¥–≤–æ—Ä–æ—Ç–Ω—ñ—Å—Ç—å –ø–æ–∫–∞—Ä–∞–Ω–Ω—è, —ñ —è–∫—â–æ —î —Ç–∞–∫–µ –∑–≤–∏–Ω—É–≤–∞—á–µ–Ω–Ω—è ‚Äî –º–∞—é—Ç—å –±—É—Ç–∏ –ø—ñ–¥–æ–∑—Ä–∏ —Ç–∞ —ñ–Ω—à—ñ –Ω–µ–æ–±—Ö—ñ–¥–Ω—ñ –ø—Ä–æ—Ü–µ—Å—É–∞–ª—å–Ω—ñ –¥—ñ—ó, —Ç–æ–∂ –º–∏ –ø—ñ–¥—Ç—Ä–∏–º—É—î–º–æ —Ü–µ, ‚Äî –∑–∞—è–≤–∏–≤ —Ä–∞–¥–Ω–∏–∫ –ø—Ä–µ–∑–∏–¥–µ–Ω—Ç–∞ –∑ –∫–æ–º—É–Ω—ñ–∫–∞—Ü—ñ–π –î–º–∏—Ç—Ä–æ –õ–∏—Ç–≤–∏–Ω —É –∫–æ–º–µ–Ω—Ç–∞—Ä—ñ –°—É—Å–ø—ñ–ª—å–Ω–æ–º—É.  –¢–∞–∫–æ–∂ –¥–æ–¥–∞–≤, —â–æ –û–ü –ø—ñ–¥—Ç—Ä–∏–º—É–≤–∞—Ç–∏–º–µ –π ¬´—ñ–Ω—à—ñ –ø—Ä–æ—Ü–µ—Å—É–∞–ª—å–Ω—ñ –¥—ñ—ó¬ª, —è–∫ —Ç—ñ–ª—å–∫–∏ –∑ º—è–≤–ª—è—Ç—å—Å—è —é—Ä–∏–¥–∏—á–Ω—ñ –¥–µ—Ç–∞–ª—ñ.",–î–æ–ø–æ–º–æ–∂—ñ—Ç—å –≤—ñ–π—Å—å–∫—É!  –ü–æ—Å—Ç—ñ–π–Ω–∞ –±–∞–Ω–∫–∞: send.monobank.ua/jar/2JbpBYkhMv  –ë–∞–Ω–∫–∞ –Ω–∞ –®–∞—Ö–µ–¥–æ—Ä—ñ–∑: send.monobank.ua/jar/8VKoiC3p6q  –ú–æ–Ω–æ–±–∞–∑–∞: base.monobank.ua/rusoriz  PayPal: sternenkopaypal@gmail.com  –ö–æ–Ω–≤–µ—Ä—Ç –ü—Ä–∏–≤–∞—Ç: https://www.privat24.ua/send/3jhyx  –ö–∞—Ä—Ç–∞ –∫–æ–Ω–≤–µ—Ä—Ç–∞: 5168752135776451  –ö—Ä–∏–ø—Ç–∞: https://rusoriz.pay.whitepay.com/donation  –ë—ñ–ª—å—à–µ —Ä–µ–∫–≤—ñ–∑–∏—Ç—ñ–≤ (—É —Ç–æ–º—É —á–∏—Å–ª—ñ –¥–ª—è —é—Ä–æ—Å—ñ–±): sternenkofund.org/donate  ‚ùóÔ∏è–Ø–∫—â–æ –≤–∞–º –≤ —Ç–≥ –ø–∏—à—É—Ç—å –≤—ñ–¥ –º–æ–≥–æ —ñ–º–µ–Ω—ñ —ñ —â–æ—Å—å –ø—Ä–æ—Å—è—Ç—å ‚Äî —Ü–µ —à–∞—Ö—Ä–∞—ó.  –£–°–Ü –∑–±–æ—Ä–∏ –Ω–∞ –∞—Ä–º—ñ—é –ø—É–±–ª—ñ—á–Ω—ñ —Ç–∞ –¢–Ü–õ–¨–ö–ò —á–µ—Ä–µ–∑ —Ü–µ–π –∫–∞–Ω–∞–ª —Ç–∞ –∫–∞–Ω–∞–ª —Ñ–æ–Ω–¥—É.
ssternenko,50217,"–ó–∞ –º–∞—Ç–µ—Ä—ñ–∞–ª–∞–º–∏ –î–ë–† —Å—É–¥–∏—Ç–∏–º—É—Ç—å –≤—ñ–π—Å—å–∫–æ–≤–æ–≥–æ –ø–æ—Å–∞–¥–æ–≤—Ü—è, —è–∫–∏–π –≤—ñ–¥–ø—Ä–∞–≤–∏–≤ –ø—ñ–¥–ª–µ–≥–ª–∏—Ö –ø—Ä–∞—Ü—é–≤–∞—Ç–∏ –Ω–∞ –π–æ–≥–æ —Ä–æ–¥–∏–Ω—É. –ó–æ–∫—Ä–µ–º–∞, –±—ñ–π—Ü—ñ –ø—Ä–æ–¥–∞–≤–∞–ª–∏ —à–∞—É—Ä–º—É —É –ü–æ–∫—Ä–æ–≤—Å—å–∫–æ–º—É —Ä–∞–π–æ–Ω—ñ.  –ü—Ä–æ—Ç—è–≥–æ–º –º–∞–π–∂–µ –¥–≤–æ—Ö —Ä–æ–∫—ñ–≤ –∑–∞—Å—Ç—É–ø–Ω–∏–∫ –Ω–∞—á–∞–ª—å–Ω–∏–∫–∞ –ø—ñ–¥—Ä–æ–∑–¥—ñ–ª—É –∑–º—É—à—É–≤–∞–≤ –¥–≤–æ—Ö –≤—ñ–π—Å—å–∫–æ–≤–æ—Å–ª—É–∂–±–æ–≤—Ü—ñ–≤ –≤–∏–∫–æ–Ω—É–≤–∞—Ç–∏ –±—É–¥—ñ–≤–µ–ª—å–Ω—ñ —Ç–∞ –≥–æ—Å–ø–æ–¥–∞—Ä—Å—å–∫—ñ —Ä–æ–±–æ—Ç–∏ —É —Å–≤–æ—î–º—É –¥–æ–º–æ–≥–æ—Å–ø–æ–¥–∞—Ä—Å—Ç–≤—ñ. –û–∫—Ä—ñ–º —Ç–æ–≥–æ, –≤–æ–Ω–∏ –∑–≤–µ–ª–∏ —Ç–∞ –æ–±—Å–ª—É–≥–æ–≤—É–≤–∞–ª–∏ –∫—ñ–æ—Å–∫ —ñ–∑ –ø—Ä–æ–¥–∞–∂—É —à–∞—É—Ä–º–∏, —è–∫–∏–π –Ω–∞–ª–µ–∂–∞–≤ –¥—Ä—É–∂–∏–Ω—ñ –æ—Ñ—ñ—Ü–µ—Ä–∞. –ñ—ñ–Ω–∫–∞ —Ñ–∞–∫—Ç–∏—á–Ω–æ –∫–µ—Ä—É–≤–∞–ª–∞ —ó—Ö–Ω—å–æ—é ¬´—Å–ª—É–∂–±–æ—é¬ª ‚Äî —Ä–æ–∑–ø–æ–¥—ñ–ª—è–ª–∞ –æ–±–æ–≤‚Äô—è–∑–∫–∏ —Ç–∞ –∫–æ–Ω—Ç—Ä–æ–ª—é–≤–∞–ª–∞ –∑–∞—Ä–æ–±—ñ—Ç–æ–∫.  –ó–∞–º—ñ—Å—Ç—å –≤–∏–∫–æ–Ω–∞–Ω–Ω—è –±–æ–π–æ–≤–∏—Ö –∑–∞–≤–¥–∞–Ω—å —Å–æ–ª–¥–∞—Ç–∏ –≥–æ—Ç—É–≤–∞–ª–∏ —Ç–∞ –ø—Ä–æ–¥–∞–≤–∞–ª–∏ —ó–∂—É, –ø—Ä–∏ —Ü—å–æ–º—É —â–æ–º—ñ—Å—è—Ü—è –æ—Ç—Ä–∏–º—É—é—á–∏ –ø–æ–≤–Ω–µ –≥—Ä–æ—à–æ–≤–µ –∑–∞–±–µ–∑–ø–µ—á–µ–Ω–Ω—è, —É —Ç–æ–º—É —á–∏—Å–ª—ñ –≤–∏–ø–ª–∞—Ç–∏ –∑–∞ –Ω—ñ–±–∏—Ç–æ —É—á–∞—Å—Ç—å —É –±–æ–π–æ–≤–∏—Ö –¥—ñ—è—Ö.  –ß–µ—Ä–µ–∑ —Ü–µ –¥–µ—Ä–∂–∞–≤—ñ –∑–∞–≤–¥–∞–Ω–æ –∑–±–∏—Ç–∫—ñ–≤ –Ω–∞ –ø–æ–Ω–∞–¥ 4 –º–ª–Ω –≥—Ä–∏–≤–µ–Ω—å.  ¬´–û—Ñ—ñ—Ü–µ—Ä—É —ñ–Ω–∫—Ä–∏–º—ñ–Ω—É—é—Ç—å –∑–ª–æ–≤–∂–∏–≤–∞–Ω–Ω—è —Å–ª—É–∂–±–æ–≤–∏–º —Å—Ç–∞–Ω–æ–≤–∏—â–µ–º —Ç–∞ –ø–æ—Å–æ–±–Ω–∏—Ü—Ç–≤–æ –≤ —É—Ö–∏–ª–µ–Ω–Ω—ñ –≤—ñ–π—Å—å–∫–æ–≤–æ—Å–ª—É–∂–±–æ–≤—Ü—è –≤—ñ–¥ –Ω–µ—Å–µ–Ω–Ω—è –æ–±–æ–≤‚Äô—è–∑–∫—ñ–≤ –≤—ñ–π—Å—å–∫–æ–≤–æ—ó —Å–ª—É–∂–±–∏ —à–ª—è—Ö–æ–º –æ–±–º–∞–Ω—É, –≤—á–∏–Ω–µ–Ω–µ –≤ —É–º–æ–≤–∞—Ö –≤–æ—î–Ω–Ω–æ–≥–æ —Å—Ç–∞–Ω—É (—á. 2 —Å—Ç. 364, —á. 5 —Å—Ç. 27, —á. 4 —Å—Ç. 409 –ö–ö –£–∫—Ä–∞—ó–Ω–∏).  –°–∞–Ω–∫—Ü—ñ—è —Å—Ç–∞—Ç–µ–π –ø–µ—Ä–µ–¥–±–∞—á–∞—î –ø–æ–∫–∞—Ä–∞–Ω–Ω—è —É –≤–∏–≥–ª—è–¥—ñ –ø–æ–∑–±–∞–≤–ª–µ–Ω–Ω—è –≤–æ–ª—ñ –Ω–∞ —Å—Ç—Ä–æ–∫ –¥–æ 10 —Ä–æ–∫—ñ–≤.  –û–∫—Ä–µ–º–æ –¥–æ —Å—É–¥—É —Å–∫–µ—Ä–æ–≤–∞–Ω–æ –æ–±–≤–∏–Ω—É–≤–∞–ª—å–Ω—ñ –∞–∫—Ç–∏ —â–æ–¥–æ –¥–≤–æ—Ö –≤—ñ–π—Å—å–∫–æ–≤–æ—Å–ª—É–∂–±–æ–≤—Ü—ñ–≤, —è–∫—ñ –≤–∏–∫–æ–Ω—É–≤–∞–ª–∏ –Ω–µ–∑–∞–∫–æ–Ω–Ω—ñ –≤–∫–∞–∑—ñ–≤–∫–∏ —Å–≤–æ–≥–æ –∫–æ–º–∞–Ω–¥–∏—Ä–∞. –í–æ–Ω–∏ –æ–±–≤–∏–Ω—É–≤–∞—á—É—é—Ç—å—Å—è –≤ —É—Ö–∏–ª–µ–Ω–Ω—ñ –≤—ñ–¥ –Ω–µ—Å–µ–Ω–Ω—è –≤—ñ–π—Å—å–∫–æ–≤–æ—ó —Å–ª—É–∂–±–∏ —à–ª—è—Ö–æ–º –æ–±–º–∞–Ω—É (—á. 4 —Å—Ç. 409 –ö–ö –£–∫—Ä–∞—ó–Ω–∏)¬ª.","–ù–µ –ø–æ–≥–∞–Ω–∏–π –¥–æ–Ω–∞—Ç, —á–∏ —Ä–æ–∑–∫—Ä–∞–¥—É—Ç—å?"
ssternenko,50217,"–ó–∞ –º–∞—Ç–µ—Ä—ñ–∞–ª–∞–º–∏ –î–ë–† —Å—É–¥–∏—Ç–∏–º—É—Ç—å –≤—ñ–π—Å—å–∫–æ–≤–æ–≥–æ –ø–æ—Å–∞–¥–æ–≤—Ü—è, —è–∫–∏–π –≤—ñ–¥–ø—Ä–∞–≤–∏–≤ –ø—ñ–¥–ª–µ–≥–ª–∏—Ö –ø—Ä–∞—Ü—é–≤–∞—Ç–∏ –Ω–∞ –π–æ–≥–æ —Ä–æ–¥–∏–Ω—É. –ó–æ–∫—Ä–µ–º–∞, –±—ñ–π—Ü—ñ –ø—Ä–æ–¥–∞–≤–∞–ª–∏ —à–∞—É—Ä–º—É —É –ü–æ–∫—Ä–æ–≤—Å—å–∫–æ–º—É —Ä–∞–π–æ–Ω—ñ.  –ü—Ä–æ—Ç—è–≥–æ–º –º–∞–π–∂–µ –¥–≤–æ—Ö —Ä–æ–∫—ñ–≤ –∑–∞—Å—Ç—É–ø–Ω–∏–∫ –Ω–∞—á–∞–ª—å–Ω–∏–∫–∞ –ø—ñ–¥—Ä–æ–∑–¥—ñ–ª—É –∑–º—É—à—É–≤–∞–≤ –¥–≤–æ—Ö –≤—ñ–π—Å—å–∫–æ–≤–æ—Å–ª—É–∂–±–æ–≤—Ü—ñ–≤ –≤–∏–∫–æ–Ω—É–≤–∞—Ç–∏ –±—É–¥—ñ–≤–µ–ª—å–Ω—ñ —Ç–∞ –≥–æ—Å–ø–æ–¥–∞—Ä—Å—å–∫—ñ —Ä–æ–±–æ—Ç–∏ —É —Å–≤–æ—î–º—É –¥–æ–º–æ–≥–æ—Å–ø–æ–¥–∞—Ä—Å—Ç–≤—ñ. –û–∫—Ä—ñ–º —Ç–æ–≥–æ, –≤–æ–Ω–∏ –∑–≤–µ–ª–∏ —Ç–∞ –æ–±—Å–ª—É–≥–æ–≤—É–≤–∞–ª–∏ –∫—ñ–æ—Å–∫ —ñ–∑ –ø—Ä–æ–¥–∞–∂—É —à–∞—É—Ä–º–∏, —è–∫–∏–π –Ω–∞–ª–µ–∂–∞–≤ –¥—Ä—É–∂–∏–Ω—ñ –æ—Ñ—ñ—Ü–µ—Ä–∞. –ñ—ñ–Ω–∫–∞ —Ñ–∞–∫—Ç–∏—á–Ω–æ –∫–µ—Ä—É–≤–∞–ª–∞ —ó—Ö–Ω—å–æ—é ¬´—Å–ª—É–∂–±–æ—é¬ª ‚Äî —Ä–æ–∑–ø–æ–¥—ñ–ª—è–ª–∞ –æ–±–æ–≤‚Äô—è–∑–∫–∏ —Ç–∞ –∫–æ–Ω—Ç—Ä–æ–ª—é–≤–∞–ª–∞ –∑–∞—Ä–æ–±—ñ—Ç–æ–∫.  –ó–∞–º—ñ—Å—Ç—å –≤–∏–∫–æ–Ω–∞–Ω–Ω—è –±–æ–π–æ–≤–∏—Ö –∑–∞–≤–¥–∞–Ω—å —Å–æ–ª–¥–∞—Ç–∏ –≥–æ—Ç—É–≤–∞–ª–∏ —Ç–∞ –ø—Ä–æ–¥–∞–≤–∞–ª–∏ —ó–∂—É, –ø—Ä–∏ —Ü—å–æ–º—É —â–æ–º—ñ—Å—è—Ü—è –æ—Ç—Ä–∏–º—É—é—á–∏ –ø–æ–≤–Ω–µ –≥—Ä–æ—à–æ–≤–µ –∑–∞–±–µ–∑–ø–µ—á–µ–Ω–Ω—è, —É —Ç–æ–º—É —á–∏—Å–ª—ñ –≤–∏–ø–ª–∞—Ç–∏ –∑–∞ –Ω—ñ–±–∏—Ç–æ —É—á–∞—Å—Ç—å —É –±–æ–π–æ–≤–∏—Ö –¥—ñ—è—Ö.  –ß–µ—Ä–µ–∑ —Ü–µ –¥–µ—Ä–∂–∞–≤—ñ –∑–∞–≤–¥–∞–Ω–æ –∑–±–∏—Ç–∫—ñ–≤ –Ω–∞ –ø–æ–Ω–∞–¥ 4 –º–ª–Ω –≥—Ä–∏–≤–µ–Ω—å.  ¬´–û—Ñ—ñ—Ü–µ—Ä—É —ñ–Ω–∫—Ä–∏–º—ñ–Ω—É—é—Ç—å –∑–ª–æ–≤–∂–∏–≤–∞–Ω–Ω—è —Å–ª—É–∂–±–æ–≤–∏–º —Å—Ç–∞–Ω–æ–≤–∏—â–µ–º —Ç–∞ –ø–æ—Å–æ–±–Ω–∏—Ü—Ç–≤–æ –≤ —É—Ö–∏–ª–µ–Ω–Ω—ñ –≤—ñ–π—Å—å–∫–æ–≤–æ—Å–ª—É–∂–±–æ–≤—Ü—è –≤—ñ–¥ –Ω–µ—Å–µ–Ω–Ω—è –æ–±–æ–≤‚Äô—è–∑–∫—ñ–≤ –≤—ñ–π—Å—å–∫–æ–≤–æ—ó —Å–ª—É–∂–±–∏ —à–ª—è—Ö–æ–º –æ–±–º–∞–Ω—É, –≤—á–∏–Ω–µ–Ω–µ –≤ —É–º–æ–≤–∞—Ö –≤–æ—î–Ω–Ω–æ–≥–æ —Å—Ç–∞–Ω—É (—á. 2 —Å—Ç. 364, —á. 5 —Å—Ç. 27, —á. 4 —Å—Ç. 409 –ö–ö –£–∫—Ä–∞—ó–Ω–∏).  –°–∞–Ω–∫—Ü—ñ—è —Å—Ç–∞—Ç–µ–π –ø–µ—Ä–µ–¥–±–∞—á–∞—î –ø–æ–∫–∞—Ä–∞–Ω–Ω—è —É –≤–∏–≥–ª—è–¥—ñ –ø–æ–∑–±–∞–≤–ª–µ–Ω–Ω—è –≤–æ–ª—ñ –Ω–∞ —Å—Ç—Ä–æ–∫ –¥–æ 10 —Ä–æ–∫—ñ–≤.  –û–∫—Ä–µ–º–æ –¥–æ —Å—É–¥—É —Å–∫–µ—Ä–æ–≤–∞–Ω–æ –æ–±–≤–∏–Ω—É–≤–∞–ª—å–Ω—ñ –∞–∫—Ç–∏ —â–æ–¥–æ –¥–≤–æ—Ö –≤—ñ–π—Å—å–∫–æ–≤–æ—Å–ª—É–∂–±–æ–≤—Ü—ñ–≤, —è–∫—ñ –≤–∏–∫–æ–Ω—É–≤–∞–ª–∏ –Ω–µ–∑–∞–∫–æ–Ω–Ω—ñ –≤–∫–∞–∑—ñ–≤–∫–∏ —Å–≤–æ–≥–æ –∫–æ–º–∞–Ω–¥–∏—Ä–∞. –í–æ–Ω–∏ –æ–±–≤–∏–Ω—É–≤–∞—á—É—é—Ç—å—Å—è –≤ —É—Ö–∏–ª–µ–Ω–Ω—ñ –≤—ñ–¥ –Ω–µ—Å–µ–Ω–Ω—è –≤—ñ–π—Å—å–∫–æ–≤–æ—ó —Å–ª—É–∂–±–∏ —à–ª—è—Ö–æ–º –æ–±–º–∞–Ω—É (—á. 4 —Å—Ç. 409 –ö–ö –£–∫—Ä–∞—ó–Ω–∏)¬ª.",–ù–µ –ø–æ–≥–∞–Ω–∏–π –¥–æ–Ω–∞—Ç –Ω–∞ —Å—Ç–æ–ª—ñ !!! –ß–∏ –¥–µ—Å—å –æ—Å—è–¥–µ???
ssternenko,49008,"–ó–∞ –Ω–∞—à–∏–º–∏ –æ—Ü—ñ–Ω–∫–∞–º–∏, –∑–∞—Ä–∞–∑ –¥–æ 60% FPV, —â–æ –π–¥—É—Ç—å –∑–∞ –¥–µ—Ä–∂–∑–∞–º–æ–≤–ª–µ–Ω–Ω—è–º, –Ω–µ–ø—Ä–∏–¥–∞—Ç–Ω—ñ –¥–æ –∑–∞—Å—Ç–æ—Å—É–≤–∞–Ω–Ω—è –≤–∑–∞–≥–∞–ª—ñ –∞–±–æ –ø–æ—Ç—Ä–µ–±—É—é—Ç—å —Å–µ—Ä–π–æ–∑–Ω–æ—ó –ø–µ—Ä–µ—Ä–æ–±–∫–∏.  –©–µ —Ä–∞–∑: –±—ñ–ª—å—à–µ –ø–æ–ª–æ–≤–∏–Ω–∏ —ñ–∑ 2 –º–ª–Ω FPV –≤—ñ–¥ –¥–µ—Ä–∂–∞–≤–∏ ‚Äì –Ω–µ–ø—Ä–∏–¥–∞—Ç–Ω—ñ —Ç–∞ –ª–µ–∂–∞—Ç—å –Ω–∞ —Å–∫–ª–∞–¥–∞—Ö. –°–∫—ñ–ª—å–∫–∏ —Ü–µ —É –≥—Ä–æ—à–∞—Ö? –ú—ñ–ª—å—è—Ä–¥–∏.   –ü—Ä–∏—á–∏–Ω –¥–≤—ñ: –ª–æ–≥—ñ—Å—Ç–∏–∫–∞ –≤—ñ–¥ 1 –¥–æ 6 –º—ñ—Å—è—Ü—ñ–≤ —Ç–∞ –ø–æ—Ç—Ä–µ–±–∞, —è–∫—É —Ñ–æ—Ä–º—É—î –ì–® ‚Äì —Ç–∞–º –ø—Ä—è–º–æ –¥–∞—é—Ç—å –Ω–∞ –ú–û –Ω–∞–∑–≤–∏ –¥—Ä–æ–Ω—ñ–≤, —è–∫—ñ —Ç—Ä–µ–±–∞ –∫—É–ø—É–≤–∞—Ç–∏.  –ê —è–∫—ñ –≤ –Ω–∏—Ö —Ö–∞—Ä–∞–∫—Ç–µ—Ä–∏—Å—Ç–∏–∫–∏ —á–∏ —á–æ–º—É –º–æ—Ç–æ—Ä–∏ –Ω–µ —Ç—ñ—î—é —Å—Ç–æ—Ä–æ–Ω–æ—é –ø—Ä–∏–∫—Ä—É—Ç–∏–ª–∏ ‚Äì —Ü–µ –Ω–µ —Ü—ñ–∫–∞–≤–∏—Ç—å –ì–µ–Ω—à—Ç–∞–±.  –¢—É—Ç –∞–±–æ –≤–µ–ª–∏—á–µ–∑–Ω–∞ –∫–æ—Ä—É–ø—Ü—ñ—è, –∞–±–æ –±–µ–∑–ø—Ä–æ—Å–≤—ñ—Ç–Ω–∞ —Ç—É–ø—ñ—Å—Ç—å. –ê–±–æ –¥–≤–∞ –≤ –æ–¥–Ω–æ–º—É, –Ω–µ –∑–Ω–∞—é. –¢–∞ –≤–∏–ø—Ä–∞–≤–ª—è—Ç–∏ —Ü–µ –ø–æ—Ç—ñ–º –¥–æ–≤–æ–¥–∏—Ç—å—Å—è –Ω–∞–º.","–í–∏–±–∞—á—Ç–µ –∞–ª–µ –Ω–∞—â–æ —ó–º —Ä–æ–±–∏—Ç–∏ –¥–ª—è –¥–µ—Ä–∂–∞–≤–∏ —è–∫—ñ—Å–Ω—ñ –¥—Ä–æ–Ω–∏ —è–∫—â–æ –Ω–µ–º–∞ –ø—Ä–∏–Ω—Ü–∏–ø—É –Ω–µ–≤—ñ–¥–≤–æ—Ä–æ—Ç–Ω–æ—Å—Ç—ñ –ø–æ–∫–∞—Ä–∞–Ω–Ω—è, –≤—ñ–π—Å—å–∫–æ–≤—ñ —Å–∞–º—ñ –¥–æ—Ä–æ–±–ª—è—Ç—å –¥—Ä–æ–Ω —Ç–∞–º —É—Å—å–æ–≥–æ —Ç–æ —Ç—Ä–µ–±–∞ 50-100 –±–∞–∫—Å—ñ–≤ –Ω–∞ –¥–æ—Ä–æ–±–∫—É –¥—Ä–æ–Ω–∞, –≤—ñ–π—Å—å–∫–æ–≤—ñ –ø–ª–∞—Ç—è—Ç—å –∑–∞ —Ü–µ —Å–∞–º—ñ —á–∏ –∑–∞ –¥–æ–Ω–∞—Ç–∏! –ù—É —ñ —î –ø–∞–Ω –°—Ç–µ—Ä–Ω–µ–Ω–∫–æ, —Ç–æ–º—É —ó–º –±–∞–π–¥—É–∂–µ –Ω–∞ —è–∫—ñ—Å—Ç—å –¥—Ä–æ–Ω—ñ–≤ –°—Ç–µ—Ä–Ω–µ–Ω–∫–æ –Ω–∞–∑–±–∏—Ä–∞—î! ü§∑ü§¨"
ssternenko,49008,"–ó–∞ –Ω–∞—à–∏–º–∏ –æ—Ü—ñ–Ω–∫–∞–º–∏, –∑–∞—Ä–∞–∑ –¥–æ 60% FPV, —â–æ –π–¥—É—Ç—å –∑–∞ –¥–µ—Ä–∂–∑–∞–º–æ–≤–ª–µ–Ω–Ω—è–º, –Ω–µ–ø—Ä–∏–¥–∞—Ç–Ω—ñ –¥–æ –∑–∞—Å—Ç–æ—Å—É–≤–∞–Ω–Ω—è –≤–∑–∞–≥–∞–ª—ñ –∞–±–æ –ø–æ—Ç—Ä–µ–±—É—é—Ç—å —Å–µ—Ä–π–æ–∑–Ω–æ—ó –ø–µ—Ä–µ—Ä–æ–±–∫–∏.  –©–µ —Ä–∞–∑: –±—ñ–ª—å—à–µ –ø–æ–ª–æ–≤–∏–Ω–∏ —ñ–∑ 2 –º–ª–Ω FPV –≤—ñ–¥ –¥–µ—Ä–∂–∞–≤–∏ ‚Äì –Ω–µ–ø—Ä–∏–¥–∞—Ç–Ω—ñ —Ç–∞ –ª–µ–∂–∞—Ç—å –Ω–∞ —Å–∫–ª–∞–¥–∞—Ö. –°–∫—ñ–ª—å–∫–∏ —Ü–µ —É –≥—Ä–æ—à–∞—Ö? –ú—ñ–ª—å—è—Ä–¥–∏.   –ü—Ä–∏—á–∏–Ω –¥–≤—ñ: –ª–æ–≥—ñ—Å—Ç–∏–∫–∞ –≤—ñ–¥ 1 –¥–æ 6 –º—ñ—Å—è—Ü—ñ–≤ —Ç–∞ –ø–æ—Ç—Ä–µ–±–∞, —è–∫—É —Ñ–æ—Ä–º—É—î –ì–® ‚Äì —Ç–∞–º –ø—Ä—è–º–æ –¥–∞—é—Ç—å –Ω–∞ –ú–û –Ω–∞–∑–≤–∏ –¥—Ä–æ–Ω—ñ–≤, —è–∫—ñ —Ç—Ä–µ–±–∞ –∫—É–ø—É–≤–∞—Ç–∏.  –ê —è–∫—ñ –≤ –Ω–∏—Ö —Ö–∞—Ä–∞–∫—Ç–µ—Ä–∏—Å—Ç–∏–∫–∏ —á–∏ —á–æ–º—É –º–æ—Ç–æ—Ä–∏ –Ω–µ —Ç—ñ—î—é —Å—Ç–æ—Ä–æ–Ω–æ—é –ø—Ä–∏–∫—Ä—É—Ç–∏–ª–∏ ‚Äì —Ü–µ –Ω–µ —Ü—ñ–∫–∞–≤–∏—Ç—å –ì–µ–Ω—à—Ç–∞–±.  –¢—É—Ç –∞–±–æ –≤–µ–ª–∏—á–µ–∑–Ω–∞ –∫–æ—Ä—É–ø—Ü—ñ—è, –∞–±–æ –±–µ–∑–ø—Ä–æ—Å–≤—ñ—Ç–Ω–∞ —Ç—É–ø—ñ—Å—Ç—å. –ê–±–æ –¥–≤–∞ –≤ –æ–¥–Ω–æ–º—É, –Ω–µ –∑–Ω–∞—é. –¢–∞ –≤–∏–ø—Ä–∞–≤–ª—è—Ç–∏ —Ü–µ –ø–æ—Ç—ñ–º –¥–æ–≤–æ–¥–∏—Ç—å—Å—è –Ω–∞–º.",–í–∏—Å–Ω–æ–≤–æ–∫ —Ç–∞–∫–∏–π –ü–æ–¥–∞—Ç–∫–∏ –Ω–µ –ø–ª–∞—Ç–∏—Ç–∏ –£ —Ñ–æ–Ω–¥–∏ –¥–æ–Ω–∞—Ç–∏—Ç–∏
ssternenko,49008,"–ó–∞ –Ω–∞—à–∏–º–∏ –æ—Ü—ñ–Ω–∫–∞–º–∏, –∑–∞—Ä–∞–∑ –¥–æ 60% FPV, —â–æ –π–¥—É—Ç—å –∑–∞ –¥–µ—Ä–∂–∑–∞–º–æ–≤–ª–µ–Ω–Ω—è–º, –Ω–µ–ø—Ä–∏–¥–∞—Ç–Ω—ñ –¥–æ –∑–∞—Å—Ç–æ—Å—É–≤–∞–Ω–Ω—è –≤–∑–∞–≥–∞–ª—ñ –∞–±–æ –ø–æ—Ç—Ä–µ–±—É—é—Ç—å —Å–µ—Ä–π–æ–∑–Ω–æ—ó –ø–µ—Ä–µ—Ä–æ–±–∫–∏.  –©–µ —Ä–∞–∑: –±—ñ–ª—å—à–µ –ø–æ–ª–æ–≤–∏–Ω–∏ —ñ–∑ 2 –º–ª–Ω FPV –≤—ñ–¥ –¥–µ—Ä–∂–∞–≤–∏ ‚Äì –Ω–µ–ø—Ä–∏–¥–∞—Ç–Ω—ñ —Ç–∞ –ª–µ–∂–∞—Ç—å –Ω–∞ —Å–∫–ª–∞–¥–∞—Ö. –°–∫—ñ–ª—å–∫–∏ —Ü–µ —É –≥—Ä–æ—à–∞—Ö? –ú—ñ–ª—å—è—Ä–¥–∏.   –ü—Ä–∏—á–∏–Ω –¥–≤—ñ: –ª–æ–≥—ñ—Å—Ç–∏–∫–∞ –≤—ñ–¥ 1 –¥–æ 6 –º—ñ—Å—è—Ü—ñ–≤ —Ç–∞ –ø–æ—Ç—Ä–µ–±–∞, —è–∫—É —Ñ–æ—Ä–º—É—î –ì–® ‚Äì —Ç–∞–º –ø—Ä—è–º–æ –¥–∞—é—Ç—å –Ω–∞ –ú–û –Ω–∞–∑–≤–∏ –¥—Ä–æ–Ω—ñ–≤, —è–∫—ñ —Ç—Ä–µ–±–∞ –∫—É–ø—É–≤–∞—Ç–∏.  –ê —è–∫—ñ –≤ –Ω–∏—Ö —Ö–∞—Ä–∞–∫—Ç–µ—Ä–∏—Å—Ç–∏–∫–∏ —á–∏ —á–æ–º—É –º–æ—Ç–æ—Ä–∏ –Ω–µ —Ç—ñ—î—é —Å—Ç–æ—Ä–æ–Ω–æ—é –ø—Ä–∏–∫—Ä—É—Ç–∏–ª–∏ ‚Äì —Ü–µ –Ω–µ —Ü—ñ–∫–∞–≤–∏—Ç—å –ì–µ–Ω—à—Ç–∞–±.  –¢—É—Ç –∞–±–æ –≤–µ–ª–∏—á–µ–∑–Ω–∞ –∫–æ—Ä—É–ø—Ü—ñ—è, –∞–±–æ –±–µ–∑–ø—Ä–æ—Å–≤—ñ—Ç–Ω–∞ —Ç—É–ø—ñ—Å—Ç—å. –ê–±–æ –¥–≤–∞ –≤ –æ–¥–Ω–æ–º—É, –Ω–µ –∑–Ω–∞—é. –¢–∞ –≤–∏–ø—Ä–∞–≤–ª—è—Ç–∏ —Ü–µ –ø–æ—Ç—ñ–º –¥–æ–≤–æ–¥–∏—Ç—å—Å—è –Ω–∞–º.","–ü–∞–Ω –°—Ç–µ—Ä–Ω–µ–Ω–∫–æ, –≤–∏ —Ü–µ –Ω–µ –≤–ø–µ—Ä—à–µ –ø–∏—à–µ—Ç–µ, –∞ –Ω—ñ—è–∫–∏—Ö —Ñ–æ—Ç–æ–∑–≤—ñ—Ç—ñ–≤ —á–∏ –≤—ñ–¥–µ–æ –Ω–µ–º–∞—î. –ë—É–¥—å –ª–∞—Å–∫–∞  –æ–ø—É–±–ª—ñ–∫—É–π—Ç–µ —Ä–æ–∑–±—ñ—Ä —Ü—å–æ–≥–æ –ø–∏—Ç–∞–Ω–Ω—è, –∞–±–æ –ø–æ—Å–∏–ª–∞–Ω–Ω—è –¥–µ –≤–∂–µ —Ö—Ç–æ—Å—å —Ü–∏–º –∑–∞–π–º–∞—î—Ç—å—Å—è, –±–æ —á–∏—Ç–∞—é—á–∏ –≤—ñ–π—Å—å–∫–æ–≤—ñ –∫–∞–Ω–∞–ª–∏, –Ω–µ –Ω–∞—Ç—Ä–∞–ø–ª—è—î—à –Ω–∞ —Ü—é —ñ–Ω—Ñ–æ—Ä–º–∞—Ü—ñ—é. –Ü —Å—É—Å–ø—ñ–ª—å—Å—Ç–≤–æ –≤—ñ–¥–ø–æ–≤—ñ–¥–Ω–æ –Ω–µ –¥—É–∂–µ —Ä–µ–∞–≥—É—î –Ω–∞ —Ç–∞–∫—É –≤–∞–∂–ª–∏–≤—É —Ç–µ–º—É"
ssternenko,47341,"–ù–ê–ë–£ —ñ –°–ê–ü –≤–∏–∫—Ä–∏–ª–∏ –º–∞—Å—à—Ç–∞–±–Ω—É –∫–æ—Ä—É–ø—Ü—ñ—é –ø—Ä–∏ –∑–∞–∫—É–ø—ñ–≤–ª—ñ –ë–ü–õ–ê —Ç–∞ –∑–∞—Å–æ–±—ñ–≤ –†–ï–ë  –°–µ—Ä–µ–¥ –≤–∏–∫—Ä–∏—Ç–∏—Ö –Ω–∞ —Ö–∞–±–∞—Ä—ñ —á–∏–Ω–Ω–∏–π –Ω–∞—Ä–æ–¥–Ω–∏–π –¥–µ–ø—É—Ç–∞—Ç –£–∫—Ä–∞—ó–Ω–∏ (–π–º–æ–≤—ñ—Ä–Ω–æ, –û–ª–µ–∫—Å—ñ–π –ö—É–∑–Ω—î—Ü–æ–≤), –æ—á—ñ–ª—å–Ω–∏–∫–∏ —Ä–∞–π–æ–Ω–Ω–æ—ó —Ç–∞ –º—ñ—Å—å–∫–æ—ó –≤—ñ–π—Å—å–∫–æ–≤–∏—Ö —Ü–∏–≤—ñ–ª—å–Ω–∏—Ö –∞–¥–º—ñ–Ω—ñ—Å—Ç—Ä–∞—Ü—ñ–π; –≤—ñ–π—Å—å–∫–æ–≤–æ—Å–ª—É–∂–±–æ–≤—Ü—ñ –ù–∞—Ü—ñ–æ–Ω–∞–ª—å–Ω–æ—ó –≥–≤–∞—Ä–¥—ñ—ó.   –ù–∞—Ä–∞–∑—ñ –∑–∞—Ç—Ä–∏–º–∞–Ω–æ 4 –æ—Å—ñ–±.  –û, –≤ —Ü—ñ–π —Å—Ñ–µ—Ä—ñ —É –∞–Ω—Ç–∏–∫–æ—Ä—É–ø—Ü—ñ–π–Ω–∏—Ö –æ—Ä–≥–∞–Ω—ñ–≤ –±—É–¥–µ —â–µ –±–∞–≥–∞—Ç–æ —Ä–æ–±–æ—Ç–∏. –ì–æ—Ç–æ–≤–∏–π –ø—ñ–¥–∫–∞–∑–∞—Ç–∏üòâ","–¢—Ä–µ–±–∞ –∑–±—ñ—Ä –Ω–∞ –∫—ñ–ª–µ—Ä–∞, –º–æ—á–∏—Ç–∏ –∫–æ—Ä—É–ø—Ü—ñ–æ–Ω–µ—Ä—ñ–≤."
ssternenko,47341,"–ù–ê–ë–£ —ñ –°–ê–ü –≤–∏–∫—Ä–∏–ª–∏ –º–∞—Å—à—Ç–∞–±–Ω—É –∫–æ—Ä—É–ø—Ü—ñ—é –ø—Ä–∏ –∑–∞–∫—É–ø—ñ–≤–ª—ñ –ë–ü–õ–ê —Ç–∞ –∑–∞—Å–æ–±—ñ–≤ –†–ï–ë  –°–µ—Ä–µ–¥ –≤–∏–∫—Ä–∏—Ç–∏—Ö –Ω–∞ —Ö–∞–±–∞—Ä—ñ —á–∏–Ω–Ω–∏–π –Ω–∞—Ä–æ–¥–Ω–∏–π –¥–µ–ø—É—Ç–∞—Ç –£–∫—Ä–∞—ó–Ω–∏ (–π–º–æ–≤—ñ—Ä–Ω–æ, –û–ª–µ–∫—Å—ñ–π –ö—É–∑–Ω—î—Ü–æ–≤), –æ—á—ñ–ª—å–Ω–∏–∫–∏ —Ä–∞–π–æ–Ω–Ω–æ—ó —Ç–∞ –º—ñ—Å—å–∫–æ—ó –≤—ñ–π—Å—å–∫–æ–≤–∏—Ö —Ü–∏–≤—ñ–ª—å–Ω–∏—Ö –∞–¥–º—ñ–Ω—ñ—Å—Ç—Ä–∞—Ü—ñ–π; –≤—ñ–π—Å—å–∫–æ–≤–æ—Å–ª—É–∂–±–æ–≤—Ü—ñ –ù–∞—Ü—ñ–æ–Ω–∞–ª—å–Ω–æ—ó –≥–≤–∞—Ä–¥—ñ—ó.   –ù–∞—Ä–∞–∑—ñ –∑–∞—Ç—Ä–∏–º–∞–Ω–æ 4 –æ—Å—ñ–±.  –û, –≤ —Ü—ñ–π —Å—Ñ–µ—Ä—ñ —É –∞–Ω—Ç–∏–∫–æ—Ä—É–ø—Ü—ñ–π–Ω–∏—Ö –æ—Ä–≥–∞–Ω—ñ–≤ –±—É–¥–µ —â–µ –±–∞–≥–∞—Ç–æ —Ä–æ–±–æ—Ç–∏. –ì–æ—Ç–æ–≤–∏–π –ø—ñ–¥–∫–∞–∑–∞—Ç–∏üòâ","–õ—é–¥–∏ , –¥—ñ—Ç–∫–∏ –≥–∏–Ω—É—Ç—å , –Ω–∞—Ä–æ–¥ –¥–æ–Ω–∞—Ç–∏—Ç—å —Ö—Ç–æ —è–∫ –º–æ–∂–µ –∞ —Ç–∞ —Å–≤–æ–ª–æ—Ç–∞ —Ç–∞–∫–µ –≤–∏—Ç–≤–æ—Ä—è—î !!!!"
ssternenko,46859,"–°–µ–Ω–∞—Ç–æ—Ä–∏ –°–®–ê –î–∂–∏–Ω –®–∞—Ö—ñ–Ω —Ç–∞ –õ—ñ–Ω–¥—Å—ñ –ì—Ä–µ–º –æ–ø—É–±–ª—ñ–∫—É–≤–∞–ª–∏ –∑–∞—è–≤—É –ø—ñ—Å–ª—è —É—Ö–≤–∞–ª–µ–Ω–Ω—è –í–†–£ –∑–∞–∫–æ–Ω—É, —è–∫–∏–π –ø—ñ–¥—Ä–∏–≤–∞—î –¥—ñ—è–ª—å–Ω—ñ—Å—Ç—å –ù–ê–ë–£ —Ç–∞ –°–ê–ü.  ¬´–£–∫—Ä–∞—ó–Ω–∞ –¥–æ—Å—è–≥–ª–∞ –∑–Ω–∞—á–Ω–∏—Ö —É—Å–ø—ñ—Ö—ñ–≤ —É –±–æ—Ä–æ—Ç—å–±—ñ –∑ –∫–æ—Ä—É–ø—Ü—ñ—î—é –ø—ñ—Å–ª—è –†–µ–≤–æ–ª—é—Ü—ñ—ó –≥—ñ–¥–Ω–æ—Å—Ç—ñ. –ú–∏ –ø–æ–±–æ—é—î–º–æ—Å—è, —â–æ –Ω–µ—â–æ–¥–∞–≤–Ω–æ –ø—Ä–∏–π–Ω—è—Ç–∏–π –í–µ—Ä—Ö–æ–≤–Ω–æ—é –†–∞–¥–æ—é –∑–∞–∫–æ–Ω, –ø—ñ–¥–ø–∏—Å–∞–Ω–∏–π –ø—Ä–µ–∑–∏–¥–µ–Ω—Ç–æ–º –ó–µ–ª–µ–Ω—Å—å–∫–∏–º, –ø—ñ–¥—Ä–∏–≤–∞—î –∑–Ω–∞—á–Ω—É —á–∞—Å—Ç–∏–Ω—É —Ü—å–æ–≥–æ –ø—Ä–æ–≥—Ä–µ—Å—É —ñ —Å—É–ø–µ—Ä–µ—á–∏—Ç—å –Ω–∞–¥–∑–≤–∏—á–∞–π–Ω–æ–º—É –±–æ–π–æ–≤–æ–º—É –¥—É—Ö—É –£–∫—Ä–∞—ó–Ω–∏, –∞ —Ç–∞–∫–æ–∂ –æ—á—ñ–∫—É–≤–∞–Ω–Ω—è–º –≥—Ä–æ–º–∞–¥—è–Ω –£–∫—Ä–∞—ó–Ω–∏ —Ç–∞ –º—ñ–∂–Ω–∞—Ä–æ–¥–Ω–æ—ó —Å–ø—ñ–ª—å–Ω–æ—Ç–∏¬ª. ¬´–û–¥–Ω–∏–º –∑ –Ω–∞–π–ø–æ—à–∏—Ä–µ–Ω—ñ—à–∏—Ö –∞—Ä–≥—É–º–µ–Ω—Ç—ñ–≤ –Ω–∞ –∫–æ—Ä–∏—Å—Ç—å –ø—Ä–∏–ø–∏–Ω–µ–Ω–Ω—è –ø—ñ–¥—Ç—Ä–∏–º–∫–∏ –£–∫—Ä–∞—ó–Ω–∏ —î —Ç–µ, —â–æ –≤ –∫—Ä–∞—ó–Ω—ñ –ø–∞–Ω—É—î –∫–æ—Ä—É–ø—Ü—ñ—è. –ú–∏ –≤–∏–∑–Ω–∞—î–º–æ, —â–æ –£–∫—Ä–∞—ó–Ω–∞ –ø—Ä–æ–¥–æ–≤–∂—É—î –¥–æ—Å—è–≥–∞—Ç–∏ –ø—Ä–æ–≥—Ä–µ—Å—É –≤ —Ü—å–æ–º—É –Ω–∞–ø—Ä—è–º–∫—É, —ñ –∑–∞–∫–ª–∏–∫–∞—î–º–æ —É—Ä—è–¥ —É—Ç—Ä–∏–º–∞—Ç–∏—Å—è –≤—ñ–¥ –±—É–¥—å-—è–∫–∏—Ö –¥—ñ–π, —è–∫—ñ –º–æ–∂—É—Ç—å –ø—ñ–¥—ñ—Ä–≤–∞—Ç–∏ —Ü–µ–π –ø—Ä–æ–≥—Ä–µ—Å¬ª.  –ù–µ –æ—á—ñ–∫—É–≤–∞–≤ —Ä–µ–∞–∫—Ü—ñ—ó –≤—ñ–¥ –∞–º–µ—Ä–∏–∫–∞–Ω—Ü—ñ–≤. –¢–∏–º –ø–∞—á–µ –∑ –æ—Ä–±—ñ—Ç–∏ –¢—Ä–∞–º–ø–∞.  –ì–∞–Ω–µ–±–Ω–∏–π –∑–∞–∫–æ–Ω –º–∞—î –±—É—Ç–∏ —Å–∫–∞—Å–æ–≤–∞–Ω–∏–π —è–∫–Ω–∞–π—à–≤–∏–¥—à–µ. –ù–∞—Ä–æ–¥–Ω–∏–º –¥–µ–ø—É—Ç–∞—Ç–∞–º –¥—É–∂–µ –Ω–µ —Ä–µ–∫–æ–º–µ–Ω–¥—É—é –≤–∏–ø—Ä–æ–±–æ–≤—É–≤–∞—Ç–∏ —Ç–µ—Ä–ø—ñ–Ω–Ω—è –ª—é–¥–µ–π —Ç–∞ –∑—ñ–±—Ä–∞—Ç–∏—Å—è –Ω–µ–≥–∞–π–Ω–æ –Ω–∞ –ø–æ–∑–∞—á–µ—Ä–≥–æ–≤—É —Å–µ—Å—ñ—é.",–£ –Ω–∏—Ö —Ä–∏—Ç–æ—Ä–∏–∫–∞ —Ç–∞–∫–∞ —è –∑–∞–¥–æ–Ω–∞—Ç–∏–≤ 100 –≥—Ä–∏–≤–µ–Ω—å –Ω–∞ —Ä—É—Å–æ—Ä—ñ–∑ —ñ –º–µ–Ω—ñ –ø–æ—Ö—É–π —Ç–µ–ø–µ—Ä –º–æ–∂—É –≤—Å—ñ–º –∫–∞–∑–∞—Ç–∏ —ñ –ø–∏—Ç–∞—Ç–∏ —á–∏ –≤–æ–Ω–∏ –¥–æ–Ω–∞—Ç—è—Ç—å
ssternenko,46859,"–°–µ–Ω–∞—Ç–æ—Ä–∏ –°–®–ê –î–∂–∏–Ω –®–∞—Ö—ñ–Ω —Ç–∞ –õ—ñ–Ω–¥—Å—ñ –ì—Ä–µ–º –æ–ø—É–±–ª—ñ–∫—É–≤–∞–ª–∏ –∑–∞—è–≤—É –ø—ñ—Å–ª—è —É—Ö–≤–∞–ª–µ–Ω–Ω—è –í–†–£ –∑–∞–∫–æ–Ω—É, —è–∫–∏–π –ø—ñ–¥—Ä–∏–≤–∞—î –¥—ñ—è–ª—å–Ω—ñ—Å—Ç—å –ù–ê–ë–£ —Ç–∞ –°–ê–ü.  ¬´–£–∫—Ä–∞—ó–Ω–∞ –¥–æ—Å—è–≥–ª–∞ –∑–Ω–∞—á–Ω–∏—Ö —É—Å–ø—ñ—Ö—ñ–≤ —É –±–æ—Ä–æ—Ç—å–±—ñ –∑ –∫–æ—Ä—É–ø—Ü—ñ—î—é –ø—ñ—Å–ª—è –†–µ–≤–æ–ª—é—Ü—ñ—ó –≥—ñ–¥–Ω–æ—Å—Ç—ñ. –ú–∏ –ø–æ–±–æ—é—î–º–æ—Å—è, —â–æ –Ω–µ—â–æ–¥–∞–≤–Ω–æ –ø—Ä–∏–π–Ω—è—Ç–∏–π –í–µ—Ä—Ö–æ–≤–Ω–æ—é –†–∞–¥–æ—é –∑–∞–∫–æ–Ω, –ø—ñ–¥–ø–∏—Å–∞–Ω–∏–π –ø—Ä–µ–∑–∏–¥–µ–Ω—Ç–æ–º –ó–µ–ª–µ–Ω—Å—å–∫–∏–º, –ø—ñ–¥—Ä–∏–≤–∞—î –∑–Ω–∞—á–Ω—É —á–∞—Å—Ç–∏–Ω—É —Ü—å–æ–≥–æ –ø—Ä–æ–≥—Ä–µ—Å—É —ñ —Å—É–ø–µ—Ä–µ—á–∏—Ç—å –Ω–∞–¥–∑–≤–∏—á–∞–π–Ω–æ–º—É –±–æ–π–æ–≤–æ–º—É –¥—É—Ö—É –£–∫—Ä–∞—ó–Ω–∏, –∞ —Ç–∞–∫–æ–∂ –æ—á—ñ–∫—É–≤–∞–Ω–Ω—è–º –≥—Ä–æ–º–∞–¥—è–Ω –£–∫—Ä–∞—ó–Ω–∏ —Ç–∞ –º—ñ–∂–Ω–∞—Ä–æ–¥–Ω–æ—ó —Å–ø—ñ–ª—å–Ω–æ—Ç–∏¬ª. ¬´–û–¥–Ω–∏–º –∑ –Ω–∞–π–ø–æ—à–∏—Ä–µ–Ω—ñ—à–∏—Ö –∞—Ä–≥—É–º–µ–Ω—Ç—ñ–≤ –Ω–∞ –∫–æ—Ä–∏—Å—Ç—å –ø—Ä–∏–ø–∏–Ω–µ–Ω–Ω—è –ø—ñ–¥—Ç—Ä–∏–º–∫–∏ –£–∫—Ä–∞—ó–Ω–∏ —î —Ç–µ, —â–æ –≤ –∫—Ä–∞—ó–Ω—ñ –ø–∞–Ω—É—î –∫–æ—Ä—É–ø—Ü—ñ—è. –ú–∏ –≤–∏–∑–Ω–∞—î–º–æ, —â–æ –£–∫—Ä–∞—ó–Ω–∞ –ø—Ä–æ–¥–æ–≤–∂—É—î –¥–æ—Å—è–≥–∞—Ç–∏ –ø—Ä–æ–≥—Ä–µ—Å—É –≤ —Ü—å–æ–º—É –Ω–∞–ø—Ä—è–º–∫—É, —ñ –∑–∞–∫–ª–∏–∫–∞—î–º–æ —É—Ä—è–¥ —É—Ç—Ä–∏–º–∞—Ç–∏—Å—è –≤—ñ–¥ –±—É–¥—å-—è–∫–∏—Ö –¥—ñ–π, —è–∫—ñ –º–æ–∂—É—Ç—å –ø—ñ–¥—ñ—Ä–≤–∞—Ç–∏ —Ü–µ–π –ø—Ä–æ–≥—Ä–µ—Å¬ª.  –ù–µ –æ—á—ñ–∫—É–≤–∞–≤ —Ä–µ–∞–∫—Ü—ñ—ó –≤—ñ–¥ –∞–º–µ—Ä–∏–∫–∞–Ω—Ü—ñ–≤. –¢–∏–º –ø–∞—á–µ –∑ –æ—Ä–±—ñ—Ç–∏ –¢—Ä–∞–º–ø–∞.  –ì–∞–Ω–µ–±–Ω–∏–π –∑–∞–∫–æ–Ω –º–∞—î –±—É—Ç–∏ —Å–∫–∞—Å–æ–≤–∞–Ω–∏–π —è–∫–Ω–∞–π—à–≤–∏–¥—à–µ. –ù–∞—Ä–æ–¥–Ω–∏–º –¥–µ–ø—É—Ç–∞—Ç–∞–º –¥—É–∂–µ –Ω–µ —Ä–µ–∫–æ–º–µ–Ω–¥—É—é –≤–∏–ø—Ä–æ–±–æ–≤—É–≤–∞—Ç–∏ —Ç–µ—Ä–ø—ñ–Ω–Ω—è –ª—é–¥–µ–π —Ç–∞ –∑—ñ–±—Ä–∞—Ç–∏—Å—è –Ω–µ–≥–∞–π–Ω–æ –Ω–∞ –ø–æ–∑–∞—á–µ—Ä–≥–æ–≤—É —Å–µ—Å—ñ—é.",–ù–∞–∂–∞–ª—å —ó—Ö —Ç—É—Ç –±–∞–≥–∞—Ç–æ –ù–∞–¥—ñ—é—Å—å —Ö–æ—á–∞ –± –¥–æ–Ω–∞—Ç—è—Ç—å
ssternenko,46859,"–°–µ–Ω–∞—Ç–æ—Ä–∏ –°–®–ê –î–∂–∏–Ω –®–∞—Ö—ñ–Ω —Ç–∞ –õ—ñ–Ω–¥—Å—ñ –ì—Ä–µ–º –æ–ø—É–±–ª—ñ–∫—É–≤–∞–ª–∏ –∑–∞—è–≤—É –ø—ñ—Å–ª—è —É—Ö–≤–∞–ª–µ–Ω–Ω—è –í–†–£ –∑–∞–∫–æ–Ω—É, —è–∫–∏–π –ø—ñ–¥—Ä–∏–≤–∞—î –¥—ñ—è–ª—å–Ω—ñ—Å—Ç—å –ù–ê–ë–£ —Ç–∞ –°–ê–ü.  ¬´–£–∫—Ä–∞—ó–Ω–∞ –¥–æ—Å—è–≥–ª–∞ –∑–Ω–∞—á–Ω–∏—Ö —É—Å–ø—ñ—Ö—ñ–≤ —É –±–æ—Ä–æ—Ç—å–±—ñ –∑ –∫–æ—Ä—É–ø—Ü—ñ—î—é –ø—ñ—Å–ª—è –†–µ–≤–æ–ª—é—Ü—ñ—ó –≥—ñ–¥–Ω–æ—Å—Ç—ñ. –ú–∏ –ø–æ–±–æ—é—î–º–æ—Å—è, —â–æ –Ω–µ—â–æ–¥–∞–≤–Ω–æ –ø—Ä–∏–π–Ω—è—Ç–∏–π –í–µ—Ä—Ö–æ–≤–Ω–æ—é –†–∞–¥–æ—é –∑–∞–∫–æ–Ω, –ø—ñ–¥–ø–∏—Å–∞–Ω–∏–π –ø—Ä–µ–∑–∏–¥–µ–Ω—Ç–æ–º –ó–µ–ª–µ–Ω—Å—å–∫–∏–º, –ø—ñ–¥—Ä–∏–≤–∞—î –∑–Ω–∞—á–Ω—É —á–∞—Å—Ç–∏–Ω—É —Ü—å–æ–≥–æ –ø—Ä–æ–≥—Ä–µ—Å—É —ñ —Å—É–ø–µ—Ä–µ—á–∏—Ç—å –Ω–∞–¥–∑–≤–∏—á–∞–π–Ω–æ–º—É –±–æ–π–æ–≤–æ–º—É –¥—É—Ö—É –£–∫—Ä–∞—ó–Ω–∏, –∞ —Ç–∞–∫–æ–∂ –æ—á—ñ–∫—É–≤–∞–Ω–Ω—è–º –≥—Ä–æ–º–∞–¥—è–Ω –£–∫—Ä–∞—ó–Ω–∏ —Ç–∞ –º—ñ–∂–Ω–∞—Ä–æ–¥–Ω–æ—ó —Å–ø—ñ–ª—å–Ω–æ—Ç–∏¬ª. ¬´–û–¥–Ω–∏–º –∑ –Ω–∞–π–ø–æ—à–∏—Ä–µ–Ω—ñ—à–∏—Ö –∞—Ä–≥—É–º–µ–Ω—Ç—ñ–≤ –Ω–∞ –∫–æ—Ä–∏—Å—Ç—å –ø—Ä–∏–ø–∏–Ω–µ–Ω–Ω—è –ø—ñ–¥—Ç—Ä–∏–º–∫–∏ –£–∫—Ä–∞—ó–Ω–∏ —î —Ç–µ, —â–æ –≤ –∫—Ä–∞—ó–Ω—ñ –ø–∞–Ω—É—î –∫–æ—Ä—É–ø—Ü—ñ—è. –ú–∏ –≤–∏–∑–Ω–∞—î–º–æ, —â–æ –£–∫—Ä–∞—ó–Ω–∞ –ø—Ä–æ–¥–æ–≤–∂—É—î –¥–æ—Å—è–≥–∞—Ç–∏ –ø—Ä–æ–≥—Ä–µ—Å—É –≤ —Ü—å–æ–º—É –Ω–∞–ø—Ä—è–º–∫—É, —ñ –∑–∞–∫–ª–∏–∫–∞—î–º–æ —É—Ä—è–¥ —É—Ç—Ä–∏–º–∞—Ç–∏—Å—è –≤—ñ–¥ –±—É–¥—å-—è–∫–∏—Ö –¥—ñ–π, —è–∫—ñ –º–æ–∂—É—Ç—å –ø—ñ–¥—ñ—Ä–≤–∞—Ç–∏ —Ü–µ–π –ø—Ä–æ–≥—Ä–µ—Å¬ª.  –ù–µ –æ—á—ñ–∫—É–≤–∞–≤ —Ä–µ–∞–∫—Ü—ñ—ó –≤—ñ–¥ –∞–º–µ—Ä–∏–∫–∞–Ω—Ü—ñ–≤. –¢–∏–º –ø–∞—á–µ –∑ –æ—Ä–±—ñ—Ç–∏ –¢—Ä–∞–º–ø–∞.  –ì–∞–Ω–µ–±–Ω–∏–π –∑–∞–∫–æ–Ω –º–∞—î –±—É—Ç–∏ —Å–∫–∞—Å–æ–≤–∞–Ω–∏–π —è–∫–Ω–∞–π—à–≤–∏–¥—à–µ. –ù–∞—Ä–æ–¥–Ω–∏–º –¥–µ–ø—É—Ç–∞—Ç–∞–º –¥—É–∂–µ –Ω–µ —Ä–µ–∫–æ–º–µ–Ω–¥—É—é –≤–∏–ø—Ä–æ–±–æ–≤—É–≤–∞—Ç–∏ —Ç–µ—Ä–ø—ñ–Ω–Ω—è –ª—é–¥–µ–π —Ç–∞ –∑—ñ–±—Ä–∞—Ç–∏—Å—è –Ω–µ–≥–∞–π–Ω–æ –Ω–∞ –ø–æ–∑–∞—á–µ—Ä–≥–æ–≤—É —Å–µ—Å—ñ—é.","–ë—É–¥–µ –º–∞–∫—Å–∏–º–∞–ª—å–Ω–æ –º–æ–∂–ª–∏–≤–∞ —ñ—Ä–æ–Ω—ñ—è –¥–æ–ª—ñ. –ù–µ —Ö–æ—á—É –Ω–µ–≥–∞—Ç–∏–≤–∏—Ç–∏, –∞–ª–µ —á–∞—Å—Ç–æ –±—É–ª–æ —Ç–∞–∫, —â–æ –Ω–∞–π–æ–≥–∏–¥–Ω—ñ—à–∏–π –≤–∞—Ä—ñ–∞–Ω—Ç - –≤–∏—è–≤–ª—è–≤—Å—è –Ω–∞–π–±—ñ–ª—å—à —Ä–µ–∞–ª—ñ—Å—Ç–∏—á–Ω–∏–º.  –¢–æ–º—É, –Ω–∞–¥—ñ–π–º–æ—Å—è –Ω–∞ –∫—Ä–∞—â–µ, –≥–æ—Ç—É–π–º–æ—Å—è –¥–æ –≥—ñ—Ä—à–æ–≥–æ. –Ü –¥–æ–Ω–∞—Ç—å–º–æ —Ç–∞ —Ä—É—Å–æ—Ä—ñ–∑ - —Ç–æ–º—É —â–æ –≤–æ—Ä–æ–≥ –Ω–µ —Å–ø–∏—Ç—å, —ñ –π–æ–º—É —á—Ö–∞—Ç–∏ –Ω–∞ —Ç–µ, —è–∫—ñ –≤ –Ω–∞—Å –≤–Ω—É—Ç—Ä—ñ—à–Ω—ñ –ø—Ä–æ–±–ª–µ–º–∏"
ssternenko,46859,"–°–µ–Ω–∞—Ç–æ—Ä–∏ –°–®–ê –î–∂–∏–Ω –®–∞—Ö—ñ–Ω —Ç–∞ –õ—ñ–Ω–¥—Å—ñ –ì—Ä–µ–º –æ–ø—É–±–ª—ñ–∫—É–≤–∞–ª–∏ –∑–∞—è–≤—É –ø—ñ—Å–ª—è —É—Ö–≤–∞–ª–µ–Ω–Ω—è –í–†–£ –∑–∞–∫–æ–Ω—É, —è–∫–∏–π –ø—ñ–¥—Ä–∏–≤–∞—î –¥—ñ—è–ª—å–Ω—ñ—Å—Ç—å –ù–ê–ë–£ —Ç–∞ –°–ê–ü.  ¬´–£–∫—Ä–∞—ó–Ω–∞ –¥–æ—Å—è–≥–ª–∞ –∑–Ω–∞—á–Ω–∏—Ö —É—Å–ø—ñ—Ö—ñ–≤ —É –±–æ—Ä–æ—Ç—å–±—ñ –∑ –∫–æ—Ä—É–ø—Ü—ñ—î—é –ø—ñ—Å–ª—è –†–µ–≤–æ–ª—é—Ü—ñ—ó –≥—ñ–¥–Ω–æ—Å—Ç—ñ. –ú–∏ –ø–æ–±–æ—é—î–º–æ—Å—è, —â–æ –Ω–µ—â–æ–¥–∞–≤–Ω–æ –ø—Ä–∏–π–Ω—è—Ç–∏–π –í–µ—Ä—Ö–æ–≤–Ω–æ—é –†–∞–¥–æ—é –∑–∞–∫–æ–Ω, –ø—ñ–¥–ø–∏—Å–∞–Ω–∏–π –ø—Ä–µ–∑–∏–¥–µ–Ω—Ç–æ–º –ó–µ–ª–µ–Ω—Å—å–∫–∏–º, –ø—ñ–¥—Ä–∏–≤–∞—î –∑–Ω–∞—á–Ω—É —á–∞—Å—Ç–∏–Ω—É —Ü—å–æ–≥–æ –ø—Ä–æ–≥—Ä–µ—Å—É —ñ —Å—É–ø–µ—Ä–µ—á–∏—Ç—å –Ω–∞–¥–∑–≤–∏—á–∞–π–Ω–æ–º—É –±–æ–π–æ–≤–æ–º—É –¥—É—Ö—É –£–∫—Ä–∞—ó–Ω–∏, –∞ —Ç–∞–∫–æ–∂ –æ—á—ñ–∫—É–≤–∞–Ω–Ω—è–º –≥—Ä–æ–º–∞–¥—è–Ω –£–∫—Ä–∞—ó–Ω–∏ —Ç–∞ –º—ñ–∂–Ω–∞—Ä–æ–¥–Ω–æ—ó —Å–ø—ñ–ª—å–Ω–æ—Ç–∏¬ª. ¬´–û–¥–Ω–∏–º –∑ –Ω–∞–π–ø–æ—à–∏—Ä–µ–Ω—ñ—à–∏—Ö –∞—Ä–≥—É–º–µ–Ω—Ç—ñ–≤ –Ω–∞ –∫–æ—Ä–∏—Å—Ç—å –ø—Ä–∏–ø–∏–Ω–µ–Ω–Ω—è –ø—ñ–¥—Ç—Ä–∏–º–∫–∏ –£–∫—Ä–∞—ó–Ω–∏ —î —Ç–µ, —â–æ –≤ –∫—Ä–∞—ó–Ω—ñ –ø–∞–Ω—É—î –∫–æ—Ä—É–ø—Ü—ñ—è. –ú–∏ –≤–∏–∑–Ω–∞—î–º–æ, —â–æ –£–∫—Ä–∞—ó–Ω–∞ –ø—Ä–æ–¥–æ–≤–∂—É—î –¥–æ—Å—è–≥–∞—Ç–∏ –ø—Ä–æ–≥—Ä–µ—Å—É –≤ —Ü—å–æ–º—É –Ω–∞–ø—Ä—è–º–∫—É, —ñ –∑–∞–∫–ª–∏–∫–∞—î–º–æ —É—Ä—è–¥ —É—Ç—Ä–∏–º–∞—Ç–∏—Å—è –≤—ñ–¥ –±—É–¥—å-—è–∫–∏—Ö –¥—ñ–π, —è–∫—ñ –º–æ–∂—É—Ç—å –ø—ñ–¥—ñ—Ä–≤–∞—Ç–∏ —Ü–µ–π –ø—Ä–æ–≥—Ä–µ—Å¬ª.  –ù–µ –æ—á—ñ–∫—É–≤–∞–≤ —Ä–µ–∞–∫—Ü—ñ—ó –≤—ñ–¥ –∞–º–µ—Ä–∏–∫–∞–Ω—Ü—ñ–≤. –¢–∏–º –ø–∞—á–µ –∑ –æ—Ä–±—ñ—Ç–∏ –¢—Ä–∞–º–ø–∞.  –ì–∞–Ω–µ–±–Ω–∏–π –∑–∞–∫–æ–Ω –º–∞—î –±—É—Ç–∏ —Å–∫–∞—Å–æ–≤–∞–Ω–∏–π —è–∫–Ω–∞–π—à–≤–∏–¥—à–µ. –ù–∞—Ä–æ–¥–Ω–∏–º –¥–µ–ø—É—Ç–∞—Ç–∞–º –¥—É–∂–µ –Ω–µ —Ä–µ–∫–æ–º–µ–Ω–¥—É—é –≤–∏–ø—Ä–æ–±–æ–≤—É–≤–∞—Ç–∏ —Ç–µ—Ä–ø—ñ–Ω–Ω—è –ª—é–¥–µ–π —Ç–∞ –∑—ñ–±—Ä–∞—Ç–∏—Å—è –Ω–µ–≥–∞–π–Ω–æ –Ω–∞ –ø–æ–∑–∞—á–µ—Ä–≥–æ–≤—É —Å–µ—Å—ñ—é.","–ù–∞–π–ø–µ—Ä—à–µ –≤—ñ–π–Ω–∞,—ñ –¥–æ–Ω–∞—Ç–∏ –Ω–∞ –∞—Ä–º—ñ—é —ñ –Ω–∞ —Ä—É—Å–æ—Ä—ñ–∑–∏, –∞ –ø–æ—Ç—ñ–º –≤–∂–µ –±—É–¥–µ–º–æ —Ä–æ–∑–±–∏—Ä–∞—Ç–∏—Å—å, –±–æ —è–∫ –Ω–µ –∞—Å—Ç–æ—ó—Ç—å –¥–µ—Ä–∂–∞–≤–∞ —Ç–æ –¥–æ –¥—É–ø–∏ —Ç—ñ –Ω–∞–∑–∫,  —Å–∞–ø, –Ω–∞–±—É —ñ –≤—Å—è —Ç–∞ —ó–±–∞–ª–∞"
ssternenko,45426,"–ù–ê–ë–£ —Ç–∞ –°–ê–ü –ø–æ–≤—ñ–¥–æ–º–∏–ª–∏ –ø—Ä–æ –ø—ñ–¥–æ–∑—Ä—É –≤—ñ—Ü–µ–ø—Ä–µ–º‚Äô—î—Ä—É –û–ª–µ–∫—Å—ñ—é –ß–µ—Ä–Ω–∏—à–æ–≤—É –æ—Ç—Ä–∏–º–∞–Ω–Ω—ñ —Ö–∞–±–∞—Ä—è –Ω–∞ –ø–æ–Ω–∞–¥ 14,5 –º—ñ–ª—å–π–æ–Ω–∞ –≥—Ä–∏–≤–µ–Ω—å —Ç–∞ —É –∑–ª–æ–≤–∂–∏–≤–∞–Ω–Ω—ñ –ø–æ—Å–∞–¥–æ—é.  –ó–∞ –¥–∞–Ω–∏–º–∏ —Å–ª—ñ–¥—Å—Ç–≤–∞, —â–µ –±—É–¥—É—á–∏ –º—ñ–Ω—ñ—Å—Ç—Ä–æ–º, –≤—ñ–Ω –¥–æ–ø–æ–º—ñ–≥ –∑–∞–±—É–¥–æ–≤–Ω–∏–∫—É –Ω–µ–∑–∞–∫–æ–Ω–Ω–æ –æ—Ç—Ä–∏–º–∞—Ç–∏ –∑–µ–º–ª—é –≤ –ö–∏—î–≤—ñ. –ß–µ—Ä–µ–∑ –∑–∞–Ω–∏–∂–µ–Ω—É –æ—Ü—ñ–Ω–∫—É –¥—ñ–ª—è–Ω–∫–∏ –∫–æ–º–ø–∞–Ω—ñ—è –º–∞–ª–∞ –ø–µ—Ä–µ–¥–∞—Ç–∏ –º–µ–Ω—à–µ –∫–≤–∞—Ä—Ç–∏—Ä –¥–µ—Ä–∂–∞–≤—ñ, –Ω—ñ–∂ –ø–æ–≤–∏–Ω–Ω–∞ –±—É–ª–∞.  –ó–∞ —Ü–µ –ß–µ—Ä–Ω–∏—à–æ–≤ —ñ –π–æ–≥–æ –ø—ñ–¥–ª–µ–≥–ª—ñ –æ—Ç—Ä–∏–º–∞–ª–∏ –∑–Ω–∏–∂–∫–∏ –Ω–∞ –∂–∏—Ç–ª–æ ‚Äî –¥–æ 8 —Ç–∏—Å—è—á –≥—Ä–∏–≤–µ–Ω—å –∑–∞ –∫–≤–∞–¥—Ä–∞—Ç–Ω–∏–π –º–µ—Ç—Ä. –ù–∞ –π–æ–≥–æ –º–∞–π–Ω–æ –Ω–∞–∫–ª–∞–ª–∏ –∞—Ä–µ—à—Ç.  –°–∞–º –ß–µ—Ä–Ω–∏—à–æ–≤ –∫–∞–∂–µ, —â–æ –ø—Ä–∏–π—à–æ–≤ –¥–æ –ù–ê–ë–£ –¥–æ–±—Ä–æ–≤—ñ–ª—å–Ω–æ —á–µ—Ä–µ–∑ ¬´–º–∞–Ω—ñ–ø—É–ª—è—Ü—ñ—ó –≤ –º–µ—Ä–µ–∂—ñ¬ª.",–í—Å—ñ —Ü—ñ —Å—É–∫–∏ –ø–æ—Ç—ñ–º –∫–∞–∂—É—Ç—å —â–æ –Ω–µ –≤–∏–Ω–Ω—ñ. –ù–∞ –¥–æ–≤—ñ—á–Ω–µ –∑ –∫–æ–Ω—Ñ—ñ—Å–∫–∞—Ü—ñ—î—é.  –ó–∞–¥–æ–Ω–∞—Ç—å—Ç–µ –Ω–∞ –æ—Ä–∫–æ—Ä—ñ–∑ –≤–∞—à—ñ 5 –≥—Ä–Ω.
hromadske_ua,66667,"ü§î –ë—ñ–∑–Ω–µ—Å–º–µ–Ω —Ç–∞ –æ–¥–∏–Ω –∑—ñ —Å–ø—ñ–≤–≤–ª–∞—Å–Ω–∏–∫—ñ–≤ ¬´–ö–≤–∞—Ä—Ç–∞–ª 95¬ª –¢–∏–º—É—Ä –ú—ñ–Ω–¥—ñ—á –ø–µ—Ä–µ–±—É–≤–∞—î –≤ –ê–≤—Å—Ç—Ä—ñ—ó ‚Äî –ø–∏—à–µ –≤–∏–¥–∞–Ω–Ω—è ¬´–¶–µ–Ω–∑–æ—Ä.–ù–ï–¢¬ª –∑ –ø–æ—Å–∏–ª–∞–Ω–Ω—è–º –Ω–∞ –¥–∂–µ—Ä–µ–ª–∞.  –í–∏–¥–∞–Ω–Ω—è —Å—Ç–≤–µ—Ä–¥–∂—É—î, —â–æ –ú—ñ–Ω–¥—ñ—á —î —Ñ—ñ–≥—É—Ä–∞–Ω—Ç–æ–º —Ä–æ–∑—Å–ª—ñ–¥—É–≤–∞–Ω–Ω—è –ù–ê–ë–£ —â–æ–¥–æ —Ä–æ–∑–∫—Ä–∞–¥–∞–Ω–Ω—è –¥–µ—Ä–∂–∞–≤–Ω–∏—Ö –∫–æ—à—Ç—ñ–≤. –†–∞–Ω—ñ—à–µ ¬´–£–∫—Ä–∞—ó–Ω—Å—å–∫–∞ –ø—Ä–∞–≤–¥–∞¬ª –∑ –ø–æ—Å–∏–ª–∞–Ω–Ω—è–º –Ω–∞ ¬´–≤–ø–ª–∏–≤–æ–≤–æ–≥–æ —Å–ø—ñ–≤—Ä–æ–∑–º–æ–≤–Ω–∏–∫–∞¬ª –≤ –∞–Ω—Ç–∏–∫–æ—Ä—É–ø—Ü—ñ–π–Ω–∏—Ö –æ—Ä–≥–∞–Ω–∞—Ö —Ç–∞–∫–æ–∂ –ø–∏—Å–∞–ª–∞, —â–æ –ù–ê–ë–£ –≥–æ—Ç—É—î –ø—ñ–¥–æ–∑—Ä—É –ú—ñ–Ω–¥—ñ—á—É.  –£ –≤—ñ–¥–ø–æ–≤—ñ–¥—å –Ω–∞ –ø—É–±–ª—ñ—á–Ω—ñ –ø–∏—Ç–∞–Ω–Ω—è –∂—É—Ä–Ω–∞–ª—ñ—Å—Ç—ñ–≤ –¥–∏—Ä–µ–∫—Ç–æ—Ä –ù–ê–ë–£ –°–µ–º–µ–Ω –ö—Ä–∏–≤–æ–Ω–æ—Å –Ω–µ —Å—Ç–∞–≤ –Ω—ñ –ø—ñ–¥—Ç–≤–µ—Ä–¥–∂—É–≤–∞—Ç–∏, –Ω—ñ —Å–ø—Ä–æ—Å—Ç–æ–≤—É–≤–∞—Ç–∏ —Ü—å–æ–≥–æ  üß°  –ø—ñ–¥–ø–∏—Å–∞—Ç–∏—Å—è | –ø—ñ–¥—Ç—Ä–∏–º–∞—Ç–∏","–ê–≤—Å—Ç—Ä—ñ—è —Ä–æ–∫–∞–º–∏ —à–ª–µ –Ω–∞—Ö—î—Ä –≤—Å—ñ —É–∫—Ä–∞—ó–Ω—Å—å–∫—ñ —Å–ø–µ—Ü—Å–ª—É–∂–±–∏, —è–∫—ñ –≤–∏–º–∞–≥–∞—é—Ç—å –µ–∫—Å—Ç—Ä–∞–¥–∏—Ü—ñ—ó –§—ñ—Ä—Ç–∞—à–∞ —Ç–∞ —ñ–Ω—à–∏—Ö —Ñ—ñ–≥—É—Ä–∞–Ω—Ç—ñ–≤. –¶–µ –Ω–µ –ù—ñ–º–µ—á—á–∏–Ω–∞.  –¢–∞ —ñ –æ–±—à—É–∫ - —Ü–µ –Ω–µ –ø—ñ–¥–æ–∑—Ä–∞ —ñ –Ω–µ –∑–∞—Ç—Ä–∏–º–∞–Ω–Ω—è.   –ú—ñ–Ω–¥—ñ—á –±—É–¥–µ —Ç–∞–º —Å–∏–¥—ñ—Ç–∏ —ñ —Ä–∂–∞—Ç–∏ —Ä–æ–∫–∞–º–∏, –≤ —Ä–µ—Å—Ç–æ—Ä–∞–Ω–∏ —Ç–∞ –æ–ø–µ—Ä—É —Ö–æ–¥–∏—Ç–∏, –±—ñ–∑–Ω–µ—Å–æ–º –∑–∞–π–º–∞—Ç–∏—Å—å.  –ß–∏ –æ—Ç —É—è–≤—ñ—Ç—å, –ø—Ä–∏—Ö–æ–¥–∏—Ç—å –¥–æ –Ω—å–æ–≥–æ –≤ –º–∞—î—Ç–æ–∫ –∑–±—ñ—Ä–Ω–∞ –≥—Ä—É–ø–∞ –ø–æ–ª—ñ—Ü—ñ—è–Ω—Ç—ñ–≤ –∑ —Ä—ñ–∑–Ω–∏—Ö –∫—Ä–∞—ó–Ω –∑ –¥–æ–∫—É–º–µ–Ω—Ç–∞–º–∏ –≤—ñ–¥ –£–∫—Ä–∞—ó–Ω–∏ —â–æ–¥–æ –ø—ñ–¥–æ–∑—Ä–∏ –≥—Ä–æ–º–∞–¥—è–Ω–∏–Ω—É –ú—ñ–Ω–¥—ñ—á—É. –¢–æ–π –≤—ñ–¥–∫—Ä–∏–≤–∞—î –¥–≤–µ—Ä—ñ —ñ –∫–∞–∂–µ, —â–æ —Ç–∞–∫–æ–≥–æ –Ω–µ –∑–Ω–∞—î. –ê —Å–∞–º –≤—ñ–Ω - –≥—Ä–æ–º–∞–¥—è–Ω–∏–Ω –¢—É—Ä—Ü—ñ—ó, —á–∏ –†—É–º—É–Ω—ñ—ó, –Ü–∑—Ä–∞—ó–ª—é, –ö—ñ–ø—Ä—É —ñ –ø–æ–∫–∞–∑—É—î –ø–∞—Å–ø–æ—Ä—Ç. –ó–∞—á–∏–Ω—è—î –¥–≤–µ—Ä—ñ. –ê–≤—Å—Ç—Ä—ñ–π—Ü—ñ —ñ –∞–º–µ—Ä–∏–∫–∞–Ω—Ü—ñ –∑—ñ –∑–±—ñ—Ä–Ω–æ—ó –≥—Ä—É–ø–∏ —Ä–æ–∑–≤–æ–¥—è—Ç—å —Ä—É–∫–∞–º–∏, —É–∫—Ä–∞—ó–Ω—Ü—ñ –±—ñ—Å—è—Ç—å—Å—è, –∞–ª–µ —Ç–∞–º - –Ω–µ –£–∫—Ä–∞—ó–Ω–∞, —Ç–∞–º –ø—Ä–∞—Ü—é—é—Ç—å –∑–∞–∫–æ–Ω–∏.   –ê –º–æ–∂–Ω–∞ –π —â–µ –¥–æ–ø—Ä–∞—Ü—é–≤–∞—Ç–∏ - –ú—ñ–Ω–¥—ñ—á, –æ–∫—Ä—ñ–º –ø–∞—Å–ø–æ—Ä—Ç–∞, —É–º–æ–≤–Ω–æ, –ö—ñ–ø—Ä—É, –ø–æ–∫–∞–∑—É—î –¥–∏–ø–ª–æ–º–∞—Ç–∏—á–Ω–µ –ø–æ—Å–≤—ñ–¥—á–µ–Ω–Ω—è, –¥–µ –≤—ñ–Ω –≤ —Ü—å–æ–º—É –ø–æ—Å–æ–ª—å—Å—Ç–≤—ñ, —É–º–æ–≤–Ω–æ, –ö—ñ–ø—Ä—É, –æ–±—ñ–π–º–∞—î –ø–æ—Å–∞–¥—É —è–∫–æ–≥–æ—Å—å —Ç–∞–º –¥—Ä—É–≥–æ–≥–æ, —á–∏ —Ç—Ä–µ—Ç—å–æ–≥–æ —Å–µ–∫—Ä–µ—Ç–∞—Ä—è. –¢–æ–¥—ñ –≤—Å—ñ —Ü—ñ —Ö–æ–¥–∞–∫–∏ –Ω–∞–≤—ñ—Ç—å –∑–∞–π—Ç–∏ –ø—Ä–∞–≤–∞ –Ω–µ –º–∞—é—Ç—å, —Ä–∞–∑–æ–º –∑ –∞–≤—Å—Ç—Ä—ñ–π—Ü—è–º–∏."
hromadske_ua,62683,"ü™ñ –î–µ–Ω–∏—Å –ü—Ä–æ–∫–æ–ø–µ–Ω–∫–æ (–†–µ–¥—ñ—Å) —ñ –ë–æ–≥–¥–∞–Ω –ö—Ä–æ—Ç–µ–≤–∏—á (–¢–∞–≤—Ä) –∑–∞—Å—Ç—É–ø–∏–ª–∏—Å—è –∑–∞ –∫–æ–º–∞–Ω–¥—É–≤–∞—á–∞ –ù–ì–£ –û–ª–µ–∫—Å–∞–Ω–¥—Ä–∞ –ü—ñ–≤–Ω–µ–Ω–∫–∞, —É —è–∫–æ–≥–æ, –∑–∞ –¥–∞–Ω–∏–º–∏ –º–µ–¥—ñ–∞, –ø—Ä–æ–≤–æ–¥–∏–ª–∏ –æ–±—à—É–∫–∏ –ø—Ä–∞—Ü—ñ–≤–Ω–∏–∫–∏ –ù–ê–ë–£.  ¬´–£–ø–µ–≤–Ω–µ–Ω–∏–π —É —Ç–æ–º—É, —â–æ —Ç–æ–π, —Ö—Ç–æ —Ö–æ–¥–∏—Ç—å –≤ –æ–∫–æ–ø–∏ –Ω–∞ –ø–µ—Ä–µ–¥–æ–≤—ñ –ø–æ–∑–∏—Ü—ñ—ó –¥–æ –±—ñ–π—Ü—ñ–≤ –ø—ñ—Å–ª—è –≤—ñ–¥–±–∏—Ç—Ç—è —à—Ç—É—Ä–º—É, –Ω–µ –∑–∞—Ü—ñ–∫–∞–≤–ª–µ–Ω–∏–π —É —Ö–∞–±–∞—Ä–Ω–∏—Ü—Ç–≤—ñ —Ç–∞ –∫–∞–∑–Ω–æ–∫—Ä–∞–¥—Å—Ç–≤—ñ¬ª, ‚Äî –Ω–∞–≥–æ–ª–æ—Å–∏–≤ –†–µ–¥—ñ—Å.  –ê –¢–∞–≤—Ä –∑–∞–∑–Ω–∞—á–∏–≤, —â–æ —è–∫–±–∏ –Ω–µ —á–∏–Ω–Ω–∏–π –∫–æ–º–∞–Ω–¥—É–≤–∞—á –ù–ì–£ —Ä–∞–∑–æ–º —ñ–∑ –º—ñ–Ω—ñ—Å—Ç—Ä–æ–º –≤–Ω—É—Ç—Ä—ñ—à–Ω—ñ—Ö —Å–ø—Ä–∞–≤ –Ü–≥–æ—Ä–µ–º –ö–ª–∏–º–µ–Ω–∫–æ–º, —Ç–æ ¬´–ù–∞—Ü—ñ–æ–Ω–∞–ª—å–Ω—É –≥–≤–∞—Ä–¥—ñ—é –ø—Ä–æ—Å—Ç–æ —Å—Ç–µ—Ä–ª–∏ –± —É –±–µ–∑–≥–ª—É–∑–¥–∏—Ö —à—Ç—É—Ä–º–∞—Ö¬ª  üß°  –ø—ñ–¥–ø–∏—Å–∞—Ç–∏—Å—è | –ø—ñ–¥—Ç—Ä–∏–º–∞—Ç–∏","–í—Å–µ —Ç–∞–∫–∏, —â–æ–¥–æ –≤—ñ–π—Å—å–∫–æ–≤–∏—Ö, –º–∞—î –¥—ñ—è—Ç–∏ –±–æ–π–æ–≤–∏–π —ñ–º—É–Ω—ñ—Ç–µ—Ç. –í—Å—ñ —Ä–æ–∑–±—ñ—Ä–∫–∏ –ø—ñ—Å–ª—è –∑–∞–∫—ñ–Ω—á–µ–Ω–Ω—è –≤—ñ–π–Ω–∏, –∞ –Ω–∞ –ø–µ—Ä—à–µ –º—ñ—Å—Ü–µ –º–∞—î —Å—Ç–∞–≤–∏—Ç–∏—Å—å —Ñ–∞—Ö–æ–≤—ñ—Å—Ç—å. –•–∞–±–∞—Ä–Ω–∏–∫—ñ–≤ –∂–µ –¥–æ—Å—Ç–∞—Ç–Ω—å–æ —Å–µ—Ä–µ–¥ 5-6 –º–µ–Ω–µ–¥–∂–µ—Ä—ñ–≤, —ñ —ó—Ö –Ω–∞–π–±–ª–∏–∂—á–æ–≥–æ –æ—Ç–æ—á–µ–Ω–Ω—è."
hromadske_ua,55345,"üëÆ‚Äç‚ôÄÔ∏è –ì–ª–∞–≤—É –æ–¥–µ—Å—å–∫–æ–≥–æ –æ—Å–µ—Ä–µ–¥–∫—É –ø–∞—Ä—Ç—ñ—ó ¬´–£–¥–∞—Ä¬ª –û–ª–µ–∫—Å–∞–Ω–¥—Ä–∞ –°—É—Ö–∞–Ω–æ–≤–∞ –∑–∞—Ç—Ä–∏–º–∞–ª–∏ –∑–∞ —Ö–∞–±–∞—Ä —É –º—ñ–ª—å–π–æ–Ω –¥–æ–ª–∞—Ä—ñ–≤.  –ó–∞ –¥–∞–Ω–∏–º–∏ —Å–ª—ñ–¥—Å—Ç–≤–∞, –≤—ñ–Ω –≤–∏–º–∞–≥–∞–≤ 1 –º–ª–Ω –¥–æ–ª–∞—Ä—ñ–≤ —Ö–∞–±–∞—Ä—è –∑–∞ –≤–∏—Ä—ñ—à–µ–Ω–Ω—è ¬´–∑–µ–º–µ–ª—å–Ω–∏—Ö –ø–∏—Ç–∞–Ω—å¬ª —É –ö–∏—ó–≤—Å—å–∫—ñ–π –º—ñ—Å—å–∫—ñ–π –¥–µ—Ä–∂–∞–≤–Ω—ñ–π –∞–¥–º—ñ–Ω—ñ—Å—Ç—Ä–∞—Ü—ñ—ó.   –ü—Ä–∞–≤–æ–æ—Ö–æ—Ä–æ–Ω—Ü—ñ –Ω–µ —Ä–æ–∑–∫—Ä–∏–≤–∞—é—Ç—å —ñ–º–µ–Ω—ñ –∑–∞—Ç—Ä–∏–º–∞–Ω–æ–≥–æ, —É—Ç—ñ–º –¥–∂–µ—Ä–µ–ª–æ hromadske –ø–æ–≤—ñ–¥–æ–º–∏–ª–æ, —â–æ –π–¥–µ—Ç—å—Å—è –ø—Ä–æ –°—É—Ö–∞–Ω–æ–≤–∞. –Ø–∫–µ –ø–æ–∫–∞—Ä–∞–Ω–Ω—è –π–æ–º—É –∑–∞–≥—Ä–æ–∂—É—î ‚Äî —á–∏—Ç–∞–π—Ç–µ —É –Ω–æ–≤–∏–Ω—ñ  üß°  –ø—ñ–¥–ø–∏—Å–∞—Ç–∏—Å—è | –ø—ñ–¥—Ç—Ä–∏–º–∞—Ç–∏","–í—Å—ñ—Ö –æ–±—É—Ä–∏–≤ —Ö–∞–±–∞—Ä, –∞ –Ω–µ —Ö—Ç–æ –Ω–µ –ø–æ–¥—É–º–∞–≤, —è–∫—ñ –ª—ñ–≤—ñ –∫–æ—à—Ç–∏ –±–ª—É–¥—è—Ç—å –ø–æ –∫—Ä–∞—ó–Ω—ñ, –∞ –ª—é–¥–∏ —Å–≤–æ—ó –æ—Å—Ç–∞–Ω–Ω—ñ –∫–æ–ø—ñ–π–∫–∏ –∑ –ø–µ–Ω—Å—ñ–π –¥–æ–Ω–∞—Ç—è—Ç—å, –∞ –ø–æ—Ç—Ä—ñ–±–Ω–æ –≤—Å—é —Ü—é –≥–æ–ø–æ—Ç—É –≤–∏–≤–µ—Å—Ç–∏ –Ω–∞ —á–∏—Å—Ç—É –≤–æ–¥—É –≤—Å—å–æ–≥–æ –ª–∏—à!"
hromadske_ua,49074,"üòÆ –ï–∫—Å–≥–æ–ª–æ–≤—É –¢–µ—Ä–Ω–æ–ø—ñ–ª—å—Å—å–∫–æ—ó –æ–±–ª—Ä–∞–¥–∏ –ú–∏—Ö–∞–π–ª–∞ –ì–æ–ª–æ–≤–∫–∞, —è–∫–æ–≥–æ –∑–≤—ñ–ª—å–Ω–∏–ª–∏ —á–µ—Ä–µ–∑ –ø—ñ–¥–æ–∑—Ä—É —É —Ö–∞–±–∞—Ä–Ω–∏—Ü—Ç–≤—ñ, –ø–æ–Ω–æ–≤–ª—è—Ç—å –Ω–∞ –ø–æ—Å–∞–¥—ñ —Ç–∞ –≤–∏–ø–ª–∞—Ç—è—Ç—å 591 —Ç–∏—Å—è—á—É –≥—Ä–∏–≤–µ–Ω—å –∑–∞ —á–∞—Å –≤–∏–º—É—à–µ–Ω–æ–≥–æ –ø—Ä–æ–≥—É–ª—É.  –¢–∞–∫–µ —Ä—ñ—à–µ–Ω–Ω—è —É—Ö–≤–∞–ª–∏–≤ –õ—å–≤—ñ–≤—Å—å–∫–∏–π –∞–¥–º—ñ–Ω—ñ—Å—Ç—Ä–∞—Ç–∏–≤–Ω–∏–π —Å—É–¥  üß°  –ø—ñ–¥–ø–∏—Å–∞—Ç–∏—Å—è | –ø—ñ–¥—Ç—Ä–∏–º–∞—Ç–∏",–¶–µ –∂ –ø–æ–ø–ª—ñ—á–Ω–∏–∫ –§–∞—Ä—ñ–æ–Ω. –Ø–∫ —Ü—ñ–∫–∞–≤–æ –∫–∞—Ä—Ç–∏ –ª—è–≥–∞—é—Ç—å. –á—ó —Ç–µ–∂ –ø–æ–Ω–æ–≤–∏–ª–∏ —ñ –∑–∞—Ä–ø–ª–∞—Ç—É –≤–∏–ø–ª–∞—Ç–∏–ª–∏ —Å–≤–æ–≥–æ —á–∞—Å—É. –ß–µ–∫–∞—î–º–æ —è–∫ –≤—ñ–Ω —Ü—ñ –≥—Ä–æ—à—ñ —Ç–µ–∂ –∑–∞–¥–æ–Ω–∞—Ç–∏—Ç—å. –ù—É –∞ –¥–∞–ª—ñ - –≤—Å—ñ –∑–Ω–∞—é—Ç—å.
hromadske_ua,49074,"üòÆ –ï–∫—Å–≥–æ–ª–æ–≤—É –¢–µ—Ä–Ω–æ–ø—ñ–ª—å—Å—å–∫–æ—ó –æ–±–ª—Ä–∞–¥–∏ –ú–∏—Ö–∞–π–ª–∞ –ì–æ–ª–æ–≤–∫–∞, —è–∫–æ–≥–æ –∑–≤—ñ–ª—å–Ω–∏–ª–∏ —á–µ—Ä–µ–∑ –ø—ñ–¥–æ–∑—Ä—É —É —Ö–∞–±–∞—Ä–Ω–∏—Ü—Ç–≤—ñ, –ø–æ–Ω–æ–≤–ª—è—Ç—å –Ω–∞ –ø–æ—Å–∞–¥—ñ —Ç–∞ –≤–∏–ø–ª–∞—Ç—è—Ç—å 591 —Ç–∏—Å—è—á—É –≥—Ä–∏–≤–µ–Ω—å –∑–∞ —á–∞—Å –≤–∏–º—É—à–µ–Ω–æ–≥–æ –ø—Ä–æ–≥—É–ª—É.  –¢–∞–∫–µ —Ä—ñ—à–µ–Ω–Ω—è —É—Ö–≤–∞–ª–∏–≤ –õ—å–≤—ñ–≤—Å—å–∫–∏–π –∞–¥–º—ñ–Ω—ñ—Å—Ç—Ä–∞—Ç–∏–≤–Ω–∏–π —Å—É–¥  üß°  –ø—ñ–¥–ø–∏—Å–∞—Ç–∏—Å—è | –ø—ñ–¥—Ç—Ä–∏–º–∞—Ç–∏","–í—ñ–Ω –º–æ–∂–µ –≤—á–∏–Ω–∏—Ç–∏ –ø—Ä–∞–≤–∏–ª—å–Ω–æ, —ñ –∑–∞–¥–æ–Ω–∞—Ç–∏—Ç–∏ —Ü—ñ –≥—Ä–æ—à—ñ –Ω–∞ –ó–°–£"
hromadske_ua,48487,"‚öñÔ∏è –î–µ–ø—É—Ç–∞—Ç—É –ó–∞–¥–æ—Ä–æ–∂–Ω—å–æ–º—É, —è–∫–æ–≥–æ –ø—ñ–¥–æ–∑—Ä—é—é—Ç—å —É –≤–∏–º–∞–≥–∞–Ω–Ω—ñ —Ö–∞–±–∞—Ä—è, —Å—É–¥ –ø—Ä–∏–∑–Ω–∞—á–∏–≤ 3 –º—ñ–ª—å–π–æ–Ω–∏ –≥—Ä–∏–≤–µ–Ω—å –∑–∞—Å—Ç–∞–≤–∏ –∑ –ø–æ–∫–ª–∞–¥–µ–Ω–Ω—è–º –≤—ñ–¥–ø–æ–≤—ñ–¥–Ω–∏—Ö –ø—Ä–æ—Ü–µ—Å—É–∞–ª—å–Ω–∏—Ö –æ–±–æ–≤‚Äô—è–∑–∫—ñ–≤ ‚Äî –ø–æ–≤—ñ–¥–æ–º–∏–ª–æ –ù–∞—Ü—ñ–æ–Ω–∞–ª—å–Ω–µ –∞–Ω—Ç–∏–∫–æ—Ä—É–ø—Ü—ñ–π–Ω–µ –±—é—Ä–æ  üß°  –ø—ñ–¥–ø–∏—Å–∞—Ç–∏—Å—è | –ø—ñ–¥—Ç—Ä–∏–º–∞—Ç–∏","–í –£–∫—Ä–∞—ó–Ω—ñ —Å—É–¥–∏ –ø—Ä–∞—Ü—é—é—Ç—å –≤ —ñ–Ω—Ç–µ—Ä–µ—Å–∞—Ö –¥–µ–ø—É—Ç–∞—Ç—ñ–≤, –¥–µ—Ä–∂–∞–≤–Ω–∏—Ö —Å–ª—É–∂–±–æ–≤—Ü—ñ–≤ —ñ —Ç.–ø. –∑–∞ 10 —Ä–æ–∫—ñ–≤ –Ω–µ –ø–æ—Å–∞–¥–∏–ª–∏ –∂–æ–¥–Ω–æ–≥–æ –∫–æ—Ä—É–ø—Ü—ñ–æ–Ω–µ—Ä–∞ (–º–∞—é –Ω–∞ —É–≤–∞–∑—ñ –Ω–µ –≤–∏–Ω–µ—Å–ª–∏ —Ä–µ–∞–ª—å–Ω–æ–≥–æ —Ç–µ—Ä–º—ñ–Ω—É –ø–æ —Ä—ñ—à–µ–Ω–Ω—é —Å—É–¥—É) —î–¥–∏–Ω–∏–π –∫–æ–≥–æ –ø–æ—Å–∞–¥–∏–ª–∏, —Ü–µ –ß–∞—É—Å, —ñ —Ç–æ, –º–∞–±—É—Ç—å —ñ –∑–∞ —Ç–æ–≥–æ, —â–æ –≤—ñ–Ω –ø—ñ—à–æ–≤ –ø—Ä–æ—Ç–∏ —Å–∏—Å—Ç–µ–º–∏, –Ω–µ –¥—ñ–ª–∏–≤—Å—è  —ñ –∑–∞–∫–æ–ø—É–≤–∞–≤ –∫–æ—Ä—É–ø—Ü—ñ–π–Ω—ñ –≥—Ä–æ—à—ñ –≤ –≥–æ—Ä–æ–¥—ñ —É —à–∫–ª—è–Ω–∏—Ö –±–∞–Ω–∫–∞—Ö."
hromadske_ua,47624,"–Ñ—Ä–º–∞–∫ –∑–∞—è–≤–∏–≤, —â–æ ¬´–∫–æ—Ä—É–ø—Ü—ñ—è —ñ—Å–Ω—É—î –≤—Å—é–¥–∏¬ª, –∞ –£–∫—Ä–∞—ó–Ω–∞ –Ω–µ —î –Ω–∞–π–±—ñ–ª—å—à –∫–æ—Ä—É–º–ø–æ–≤–∞–Ω–æ—é –∫—Ä–∞—ó–Ω–æ—é —Å–≤—ñ—Ç—É.   ¬´–ê–ª–µ –¥–µ—è–∫—ñ –ª—é–¥–∏ –Ω–∞–≤–º–∏—Å–Ω–æ –º–∞—Å—à—Ç–∞–±—É—é—Ç—å –ø—Ä–æ–±–ª–µ–º—É, –±–æ —ñ–Ω–∞–∫—à–µ –º–æ–∂–µ –≤—Ç—Ä–∞—á–∞—Ç–∏—Å—å —Å–µ–Ω—Å —ó—Ö —Ä–æ–±–æ—Ç–∏. –¢–∞–∫–∏–º —á–∏–Ω–æ–º –¥–æ–ø–æ–º–∞–≥–∞—é—á–∏ —Ä–æ—Å—ñ—è–Ω–∞–º, —è–∫—ñ —ñ–Ω–≤–µ—Å—Ç—É—é—Ç—å –º—ñ–ª—å–π–æ–Ω–∏ –≤ –ø—Ä–æ—Å—É–≤–∞–Ω–Ω—è –Ω–∞ –∑–∞—Ö–æ–¥—ñ –Ω–∞—Ä–∞—Ç–∏–≤—É ‚Äú–£–∫—Ä–∞—ó–Ω–∞ ‚Äî –Ω–∞–π–∫–æ—Ä—É–º–ø–æ–≤–∞–Ω—ñ—à–∞ –¥–µ—Ä–∂–∞–≤–∞‚Äù¬ª, ‚Äî –Ω–∞–ø–∏—Å–∞–≤ –≤—ñ–Ω.  –©–æ –≤—ñ–¥–ø–æ–≤—ñ–≤ –Ω–∞ —Ü—é –∑–∞—è–≤—É –æ—á—ñ–ª—å–Ω–∏–∫ ¬´–¶–µ–Ω—Ç—Ä—É –ø—Ä–æ—Ç–∏–¥—ñ—ó –∫–æ—Ä—É–ø—Ü—ñ—ó¬ª –í—ñ—Ç–∞–ª—ñ–π –®–∞–±—É–Ω—ñ–Ω?  –§–æ—Ç–æ: –û—Ñ—ñ—Å –ø—Ä–µ–∑–∏–¥–µ–Ω—Ç–∞   üß°  –ø—ñ–¥–ø–∏—Å–∞—Ç–∏—Å—è | –ø—ñ–¥—Ç—Ä–∏–º–∞—Ç–∏","–ú–æ–∂–ª–∏–≤–æ –Ω–µ –æ—Å—Ç–∞–Ω–Ω—è, –∞–ª–µ –¥–∞–π—Ç–µ —Å–ø–∏—Å–æ–∫, –∫–æ–≥–æ –≤–∏ –ø–æ–∫–∞—Ä–∞–ª–∏ –∑  –ø–æ—á–∞—Ç–∫—É –≤—ñ–π–Ω–∏ –∑–∞ –∫–æ—Ä—É–ø—Ü—ñ—é?  –Ø –ø–∞–º‚Äô—è—Ç–∞—é —Ç—ñ–ª—å–∫–∏ –æ–¥–Ω–æ–≥–æ –ø—ñ–¥–∞—Ä–∞. –Ø–∫–∏–π –≤—ñ–¥–º–∞–∑–∞–≤—Å—è –¥–æ–Ω–∞—Ç–æ–º –Ω–∞ –ó–°–£ –≤–∫—Ä–∞–¥–µ–Ω–æ–≥–æ"
hromadske_ua,44439,"ü™ñ –í –£–∫—Ä–∞—ó–Ω—ñ —Å—Ç–≤–æ—Ä–∏–ª–∏ –¶–µ–Ω—Ç—Ä–∞–ª—å–Ω–µ —É–ø—Ä–∞–≤–ª—ñ–Ω–Ω—è –∑–∞—Ö–∏—Å—Ç—É –ø—Ä–∞–≤ –≤—ñ–π—Å—å–∫–æ–≤–æ—Å–ª—É–∂–±–æ–≤—Ü—ñ–≤. –¶–µ–π –æ—Ä–≥–∞–Ω, —Ñ–∞–∫—Ç–∏—á–Ω–æ, –ø–µ—Ä–µ–¥–±–∞—á–∞—î —Å—Ç–≤–æ—Ä–µ–Ω–Ω—è –ø–æ—Å–∞–¥–∏ –≤—ñ–π—Å—å–∫–æ–≤–æ–≥–æ –æ–º–±—É–¥—Å–º–µ–Ω–∞.  –°–µ—Ä–µ–¥ –ø–æ—Ä—É—à–µ–Ω—å, —è–∫—ñ –±—É–¥–µ —Ä–æ–∑–≥–ª—è–¥–∞—Ç–∏ —É–ø—Ä–∞–≤–ª—ñ–Ω–Ω—è, ‚Äî –ø—Ä–∞–≤–æ –Ω–∞ –≤—ñ–¥–ø—É—Å—Ç–∫—É, –Ω–µ–¥–æ–ø—É—â–µ–Ω–Ω—è –∑–ª–æ–≤–∂–∏–≤–∞–Ω–Ω—è –ø—Ä–∞–≤–∞–º–∏ –∫–æ–º–∞–Ω–¥–∏—Ä—ñ–≤, –ø–æ—Ä—É—à–µ–Ω–Ω—è –≥–µ–Ω–¥–µ—Ä–Ω–æ—ó —Ä—ñ–≤–Ω–æ—Å—Ç—ñ  üß° hromadske | –ø—ñ–¥–ø–∏—Å–∞—Ç–∏—Å—è","–¥—Ä—É–∑—ñ, –ø—ñ–ø—î—Ü —è–∫ —Å—Ä–æ—á–Ω–æ —Ç—Ä–µ–±–∞ –∑–±—ñ—Ä –∑–∞–∫—Ä–∏—Ç–∏, –¥–æ–ø–æ–º–æ–∂–µ—Ç–µ? ü•π –¥–æ–Ω–∞—Ç, –ª–∞–π–∫, —Ä–µ–ø–æ—Å—Ç, –∫–æ–º–µ–Ω—Ç –≤—ñ—Ç–∞—î—Ç—å—Å—è –≤—Å–µ ü§ùüèª  üêà‚Äç‚¨õ –ø–æ—Å—Ç ü´ô –±–∞–Ω–∫–∞"
hromadske_ua,44247,"üí∏ –í–∏—â–∏–π –∞–Ω—Ç–∏–∫–æ—Ä—É–ø—Ü—ñ–π–Ω–∏–π —Å—É–¥ –≤—à–æ—Å—Ç–µ –∑–º–µ–Ω—à–∏–≤ —Ä–æ–∑–º—ñ—Ä –∑–∞—Å—Ç–∞–≤–∏ –¥–ª—è –∫–æ–ª–∏—à–Ω—å–æ–≥–æ –æ—á—ñ–ª—å–Ω–∏–∫–∞ —Ñ—ñ—Å–∫–∞–ª—å–Ω–æ—ó —Å–ª—É–∂–±–∏ –†–æ–º–∞–Ω–∞ –ù–∞—Å—ñ—Ä–æ–≤–∞ ‚Äî –∑–∞—Ä–∞–∑ –≤–æ–Ω–∞ —Å—Ç–∞–Ω–æ–≤–∏—Ç—å 65 –º–ª–Ω –≥—Ä–Ω. –ü–æ—á–∞—Ç–∫–æ–≤–∏–π —Ä–æ–∑–º—ñ—Ä –∑–∞—Å—Ç–∞–≤–∏ –±—É–≤ 523 –º–ª–Ω –≥—Ä–Ω.  –ù–∞—Å—ñ—Ä–æ–≤–∞ –ø—ñ–¥–æ–∑—Ä—é—é—Ç—å –≤ –æ—Ç—Ä–∏–º–∞–Ω–Ω—ñ –ø–æ–Ω–∞–¥ 722 –º–Ω –≥—Ä–Ω —Ö–∞–±–∞—Ä—è. –ó–∞ —Ü—ñ –∫–æ—à—Ç–∏ –≤—ñ–Ω –º–∞–≤ –∑–∞–±–µ–∑–ø–µ—á–∏—Ç–∏ –≤—ñ–¥—à–∫–æ–¥—É–≤–∞–Ω–Ω—è –ü–î–í –ø—ñ–¥–∫–æ–Ω—Ç—Ä–æ–ª—å–Ω–∏–º –≤–ª–∞—Å–Ω–∏–∫—É –∞–≥—Ä–æ—Ö–æ–ª–¥–∏–Ω–≥—É —é—Ä–∏–¥–∏—á–Ω–∏–º –æ—Å–æ–±–∞–º —É –ø–æ–Ω–∞–¥ 3,2 –º–ª—Ä–¥ –≥—Ä–Ω  üß° hromadske | –ø—ñ–¥–ø–∏—Å–∞—Ç–∏—Å—è","–ë–æ–∂–µ,  –¥–∞  –≤–∏  –∑–º–µ–Ω—à—ñ—Ç—å  –¥–æ  1  –≥—Ä–∏–≤–Ω—ñ,  –∞  –≤—ñ–Ω  –≤–∞–º  —Ñ—ñ–≥—É—Ä—É  –∑  —Ç—Ä—å–æ—Ö  –ø–∞–ª—å—Ü—ñ–≤  –ø–æ–∫–∞–∂–µ  —ñ  –¥—Ä–∞–ø–∞–Ω–µ.  –ê  –≤–∏  –∑  –±—ñ–¥–Ω–∏—Ö  –±—É–¥–µ—Ç–µ  –¥–æ–Ω–∞—Ç–∏—Ç—å.  –°—Ç–∏–¥–æ–±–∞  —Ç–∞  –π  –≥–æ–¥—ñ."
hromadske_ua,42003,"¬´–Ø —Å—Å–∏–∫—É—é. –¶–µ –≤—Å–µ¬ª, ‚Äî –≤—ñ–¥–ø–æ–≤—ñ–¥–∞—î —Ö—Ç–æ—Å—å –≤—ñ–¥–≤–µ—Ä—Ç–æ –Ω–∞ –ø–∏—Ç–∞–Ω–Ω—è ¬´—á–æ–º—É –≤–∏ –Ω–µ —Ö–æ—á–µ—Ç–µ —Å–ª—É–∂–∏—Ç–∏ –≤ –ó–°–£?¬ª –ù–µ —Å–µ–∫—Ä–µ—Ç, —â–æ –Ω–∞ –¥—Ä—É–≥–æ–º—É —Ä–æ—Ü—ñ –≤—ñ–π–Ω–∏ —Ñ–∞–∫—Ç–∏—á–Ω–æ –Ω–µ –∑–∞–ª–∏—à–∏–ª–æ—Å—è —Ç–∏—Ö, —Ö—Ç–æ –≥–æ—Ç–æ–≤–∏–π –¥–æ–±—Ä–æ–≤—ñ–ª—å–Ω–æ —Å—Ç–∞—Ç–∏ –Ω–∞ –∑–∞—Ö–∏—Å—Ç –∫—Ä–∞—ó–Ω–∏ –∑ —á—ñ—Ç–∫–æ —É—Å–≤—ñ–¥–æ–º–ª–µ–Ω–∏–º —Ä–æ–∑—É–º—ñ–Ω–Ω—è–º ¬´—è–∫—â–æ –Ω–µ —è ‚Äî —Ç–æ —Ö—Ç–æ?¬ª.  –ù–µ–±–∞–∂–∞–Ω–Ω—è –≤–æ—é–≤–∞—Ç–∏ –Ω–∞—à—ñ —á–∏—Ç–∞—á—ñ, —â–æ –ø—Ä–æ–π—à–ª–∏ –æ–ø–∏—Ç—É–≤–∞–Ω–Ω—è, –ø–æ—è—Å–Ω—é–≤–∞–ª–∏ —Ç–∞–∫: ¬´—Å—Ç—Ä–∞—Ö —Å–º–µ—Ä—Ç—ñ —Ç–∞ –∫–∞–ª—ñ—Ü—Ç–≤–∞¬ª, ¬´–∫–æ—Ä—É–ø—Ü—ñ—è —Ç–∞ –Ω–µ—Å–ø—Ä–∞–≤–µ–¥–ª–∏–≤—ñ—Å—Ç—å¬ª, ¬´–∞–±–æ —Ä—ñ–≤–Ω—ñ –≤—Å—ñ, –∞–±–æ —ñ–¥—ñ—Ç—å –Ω–∞—Ö**. –î–µ –¥—ñ—Ç–∏ –¥–µ–ø—É—Ç–∞—Ç—ñ–≤?¬ª, ¬´–¥–µ—Ä–∂–∞–≤–∞ –Ω—ñ—á–æ–≥–æ –Ω–µ —Ä–æ–±–∏–ª–∞ –¥–ª—è –º–µ–Ω–µ, —á–æ–º—É —è –º–∞—é —â–æ—Å—å —Ä–æ–±–∏—Ç–∏ –¥–ª—è –Ω–µ—ó?¬ª  –ß–∏ —î —Å—Ç—Ä–∞—Ö –Ω–æ—Ä–º–∞–ª—å–Ω–æ—é —Ä–µ–∞–∫—Ü—ñ—î—é —Ü–∏–≤—ñ–ª—å–Ω–æ–≥–æ? –Ø–∫—É —Ä–æ–ª—å —É –º–∞—Å–æ–≤–æ–º—É –Ω–µ–±–∞–∂–∞–Ω–Ω—ñ –≤–æ—é–≤–∞—Ç–∏ –∑—ñ–≥—Ä–∞–ª–∞ —Ä–æ—Å—ñ–π—Å—å–∫–∞ –ø—Ä–æ–ø–∞–≥–∞–Ω–¥–∞? –Ø–∫ –Ω–∞ —É—Ö–∏–ª—è–Ω—Ç—ñ–≤ —Ä–µ–∞–≥—É—é—Ç—å —á–∏–Ω–Ω—ñ –≤—ñ–π—Å—å–∫–æ–≤—ñ —Ç–∞ –≤–µ—Ç–µ—Ä–∞–Ω–∏ —Ç–∞ —á–æ–º—É –≤–æ–Ω–∏ –≤–≤–∞–∂–∞—é—Ç—å, —â–æ ¬´–ª–∞–≥—ñ–¥–Ω–æ—ó¬ª –º–æ–±—ñ–ª—ñ–∑–∞—Ü—ñ—ó –Ω–µ –±—É–¥–µ? –ß–∏—Ç–∞–π—Ç–µ —É –º–∞—Ç–µ—Ä—ñ–∞–ª—ñ","–•–æ—á–µ—Ç–µ –ø–µ—Ä–µ–≤—ñ—Ä–∏—Ç–∏ —è–∫? –ú–æ–∂—É —Å–∫–∏–Ω—É—Ç–∏ –¥–µ —Å–∞–º–µ —Ç–∞–∫–µ –≤–∏—Ä–æ–±–ª—è—é—Ç—å(( –ú—ñ–π —á–æ–ª–æ–≤—ñ–∫ —á–µ—Ä–µ–∑ —Ç–∞–∫–µ —Ç–µ–∂ –Ω–µ –æ—Å–æ–±–æ —Å–≤—ñ—Ç–∏—Ç–∏—Å—å —Ö–æ—á–µ, —â–æ–± –Ω–µ –∑–∞–±—Ä–∞–ª–∏. —Ö–æ—á–∞ –≤—ñ–Ω —ñ –π–æ–≥–æ –∫–æ–º–ø–∞–Ω—ñ—è –ø—Ä–∞—Ü—é—î, —ñ –ø–æ –Ω–æ—á–∞–º, —ñ –ø—ñ–¥ —á–∞—Å –∞—Ç–∞–∫ —Ä–∞–∫–µ—Ç–Ω–∏—Ö, –±–µ–∑ –Ω—å–æ–≥–æ –Ω–µ –∑–º–æ–∂—É—Ç—å, —ñ –Ω–∞ –¥—Ä–æ–Ω–∏ —ñ –Ω–∞ –æ–±–ª–∞–¥–Ω–∞–Ω–Ω—è –Ω–∞ —Ñ—Ä–æ–Ω—Ç –ø–æ—Å—Ç—ñ–π–Ω–æ –¥–æ–Ω–∞—Ç–∏—Ç—å, —ñ –ø–æ–¥–∞—Ç–∫–∏ —Å–ø–ª–∞—á—É—î, —â–æ–± –≤—ñ–π—Å—å–∫–æ–≤–∏–º –∑/–ø –ø–ª–∞—Ç–∏–ª–∏. –Ü —Ä–æ–±–æ—á—ñ –º—ñ—Å—Ü—è –¥–∞—î –¥—Ä—É–∂–∏–Ω–∞–º –≤—ñ–π—Å—å–∫–æ–≤–æ—Å–ª—É–∂–±–æ–≤—Ü—ñ–≤ –¥–æ —Ä–µ—á—ñ,  –¢–∞–∫ —â–æ, —Ü–µ –Ω–µ —É—á–∞—Å—Ç—å –∞–∫—Ç–∏–≤–Ω–∞? –í—ñ–Ω —è–∫ —É—Ö–∏–ª—è–Ω—Ç –ø–æ –≤–∞—à–æ–º—É? –¢–∞ —Å–∞–º –∫–∞–∂–µ —â–æ –≤ –ø–µ—Ä—à–æ–º—É –∂–µ –±–æ—é –º–æ–∂–µ –ø–æ–ª—è–≥—Ç–∏, –±–æ –Ω–µ –º–æ–∂–µ –∑–±—Ä–æ—é –±—Ä–∞—Ç–∏.  –¢–∞–∫ —â–æ –Ω–µ –∑–∞—Å—É–¥–∂—É–π—Ç–µ –±—É–¥—å –ª–∞—Å–∫–∞"
hromadske_ua,41594,"üîç –†–æ–∑—Å–ª—ñ–¥—É–≤–∞–Ω–Ω—è —É —Å–ø—Ä–∞–≤–∞—Ö –¥–µ–ø—É—Ç–∞—Ç—ñ–≤ –õ–∞–±–∞–∑—é–∫–∞ –π –û–¥–∞—Ä—á–µ–Ω–∫–∞, —è–∫–∏—Ö –≤–∏–∫—Ä–∏–ª–∏ –Ω–∞ —Ö–∞–±–∞—Ä—è—Ö —Ç–æ–ø–ø–æ—Å–∞–¥–æ–≤—Ü—è–º —É —Å—Ñ–µ—Ä—ñ –≤—ñ–¥–Ω–æ–≤–ª–µ–Ω–Ω—è, –∑–∞–≤–µ—Ä—à–∏–ª–∏. –á–º –∑–∞–≥—Ä–æ–∂—É—î –≤—ñ–¥ 5 –¥–æ 10 —Ä–æ–∫—ñ–≤ –≤'—è–∑–Ω–∏—Ü—ñ  üß° hromadske | –ø—ñ–¥–ø–∏—Å–∞—Ç–∏—Å—è","–Ü —Ü—å–æ–≥–æ —Ä–æ—è –Ω–µ –≤–∏–π–¥–µ –Ω—ñ*—É—è. –í –∫—Ä–∞–π–Ω—å–æ–º—É –≤–∏–ø–∞–¥–∫—É –ø—ñ–¥–ø–∏—à—É—Ç—å —É–≥–æ–¥—É –∑—ñ —Å–ª—ñ–¥—Å—Ç–≤–æ–º, –∑–∞–ø–ª–∞—Ç—è—Ç—å —à—Ç—Ä–∞—Ñ –∑–∞–¥–æ–Ω–∞—Ç—è—Ç—å –Ω–∞ –ó–°–£ (—Ü–µ –∑–∞—Ä–∞–∑ —Ç–∞–∫–∞ –º–æ–¥–Ω–∞ –º—ñ—Ä–∞ –ø–æ–∫–∞—Ä–∞–Ω–Ω—è). –í –≥—ñ—Ä—à–æ–º—É –≤–∏–ø–∞–¥–∫—É, –∑–≤–∏–Ω—É–≤–∞—Ç—è—Ç—å —Å–∏–ª–æ–≤—ñ –æ—Ä–≥–∞–Ω–∏ —É —Ñ–∞–±—Ä–∏–∫–∞—Ü—ñ—ó —Å–ø—Ä–∞–≤–∏. –©–µ —è–∫ –≤–∞—Ä—ñ–∞–Ω—Ç, —Ç—è–≥–Ω—É—Ç–∏ —á–∞—Å –∞ —Ç–∞–º —è–∫ –±–æ–≥ –¥–∞—Å—Ç—å."
hromadske_ua,41409,"üë©‚Äçüé® –•—É–¥–æ–∂–Ω–∏—Ü—è –°–æ–Ω—è –ú–æ—Ä–æ–∑—é–∫ –ø—Ä–æ–∫–æ–º–µ–Ω—Ç—É–≤–∞–ª–∞ –∑–∞–∫–∏–¥–∏ –Ω–∞ —Å–≤–æ—é –∞–¥—Ä–µ—Å—É —á–µ—Ä–µ–∑ –∑–∞—Ä—É—á–∏–Ω–∏ —ñ–∑ –†–æ–º–∞–Ω–æ–º –ì—Ä–∏–Ω–∫–µ–≤–∏—á–µ–º ‚Äî —Å–∏–Ω–æ–º –±—ñ–∑–Ω–µ—Å–º–µ–Ω–∞, –æ–¥–Ω–æ–≥–æ –∑ –Ω–∞–π–±—ñ–ª—å—à–∏—Ö –ø–æ—Å—Ç–∞—á–∞–ª—å–Ω–∏–∫—ñ–≤ –ú—ñ–Ω–æ–±–æ—Ä–æ–Ω–∏, —è–∫–æ–≥–æ –ø—ñ–¥–æ–∑—Ä—é—é—Ç—å —É –ø—Ä–æ–ø–æ–∑–∏—Ü—ñ—ó —Ö–∞–±–∞—Ä—è —É –ø—ñ–≤–º—ñ–ª—å–π–æ–Ω–∞ –¥–æ–ª–∞—Ä—ñ–≤.  –í–æ–Ω–∞ –ø–æ—è—Å–Ω–∏–ª–∞, —â–æ —É –≤—ñ–¥–Ω–æ—Å–∏–Ω–∞—Ö —ñ–∑ –†–æ–º–∞–Ω–æ–º 5 –º—ñ—Å—è—Ü—ñ–≤. ¬´–Ø –±—É–ª–∞ –°–æ–Ω–µ—é –ú–æ—Ä–æ–∑—é–∫, —Ö—É–¥–æ–∂–Ω–∏—Ü–µ—é, –±–µ–∑ –Ω—å–æ–≥–æ —ñ –¥–æ –Ω—å–æ–≥–æ. –î–µ—Å—è—Ç–∫–∏ –∫–æ–ª–∞–±–æ—Ä–∞—Ü—ñ–π, —Å–æ—Ç–Ω—ñ –∫–∞—Ä—Ç–∏–Ω ‚Äî –≤—Å–µ —Ü–µ –±—É–ª–æ –≤ –º–µ–Ω–µ —ñ —Ç–∞–∫¬ª, ‚Äî –∑–∞—è–≤–∏–ª–∞ –¥—ñ–≤—á–∏–Ω–∞.  –ó–∞ —ó—ó —Å–ª–æ–≤–∞–º–∏, —É—Å—ñ –º–∞–π–Ω–æ–≤—ñ –Ω–∞–¥–±–∞–Ω–Ω—è –∑–∞ –º–∏–Ω—É–ª–∏–π —Ä—ñ–∫, –∑–æ–∫—Ä–µ–º–∞, Porsche Cayenne 2015 —Ä–æ–∫—É –∑–∞ 33 —Ç–∏—Å—è—á—ñ –¥–æ–ª–∞—Ä—ñ–≤, –≤–æ–Ω–∞ –∑–¥—ñ–π—Å–Ω–∏–ª–∞ –≤–ª–∞—Å–Ω–∏–º –∫–æ—à—Ç–æ–º.  –ú–æ—Ä–æ–∑—é–∫ –¥–æ–¥–∞–ª–∞, —â–æ ¬´–ø—Ä–æ–¥–æ–≤–∂—É—î —Ä–æ–∑–±–∏—Ä–∞—Ç–∏—Å—è¬ª, —á–∏ –ø—Ä–∏—á–µ—Ç–Ω–∏–π –†–æ–º–∞–Ω –¥–æ ¬´—è–∫–∏—Ö–æ—Å—å –æ–±–æ—Ä—É–¥–æ–∫¬ª, —ñ —è–∫—â–æ –∑–≤–∏–Ω—É–≤–∞—á–µ–Ω–Ω—è –≤–∏—è–≤–ª—è—Ç—å—Å—è –ø—Ä–∞–≤–¥–æ—é, —Ç–æ –≤–æ–Ω–∞ –≥–æ—Ç–æ–≤–∞ —Ä–æ–∑—ñ–π—Ç–∏—Å—è –∑ —Ö–ª–æ–ø—Ü–µ–º  üß° hromadske | –ø—ñ–¥–ø–∏—Å–∞—Ç–∏—Å—è","–©–æ–± –ø—ñ–¥ —á–∞—Å –∫—Ä–æ–≤–æ–ø—Ä–æ–ª–∏—Ç–Ω–æ—ó –≤—ñ–π–Ω–∏ –∫—É–ø—É–≤–∞—Ç–∏ –∫–∞—î–Ω, –¥–æ—Å—Ç–∞—Ç–Ω—å–æ –±—É—Ç–∏ –æ–≥–∏–¥–Ω–æ—é —Å–≤–æ–ª–æ—Ç–æ—é. –ü–µ–Ω—Å—ñ–æ–Ω–µ—Ä–∏ –¥–æ–Ω–∞—Ç—è—Ç—å, –¥—ñ—Ç–∫–∏ –¥–æ–Ω–∞—Ç—è—Ç—å, –∞ —Å–≤–æ—Ç–æ—Ç–∞ –∫—É–ø—É—î –º—É—Ä–∏, –∑–µ–º–ª—ñ —ñ –∞–≤—Ç–æ."
hromadske_ua,35878,"–£–∫—Ä–∞—ó–Ω—Å—å–∫–æ–º—É –±—ñ–∑–Ω–µ—Å–º–µ–Ω—É, –≤–ª–∞—Å–Ω–∏–∫—É –≥—Ä—É–ø–∏ ¬´–§—ñ–Ω–∞–Ω—Å–∏ —ñ –∫—Ä–µ–¥–∏—Ç¬ª, –ö–æ—Å—Ç—è–Ω—Ç–∏–Ω—É –ñ–µ–≤–∞–≥–æ –ø–æ–≤—ñ–¥–æ–º–∏–ª–∏ –ø—Ä–æ –ø—ñ–¥–æ–∑—Ä—É —É —Ö–∞–±–∞—Ä—ñ –≥–æ–ª–æ–≤—ñ —Ç–∞ —Å—É–¥–¥—è–º –í–µ—Ä—Ö–æ–≤–Ω–æ–≥–æ –°—É–¥—É –≤ –æ–±–º—ñ–Ω –Ω–∞ —Ä—ñ—à–µ–Ω–Ω—è –Ω–∞ –π–æ–≥–æ –∫–æ—Ä–∏—Å—Ç—å —É –≥–æ—Å–ø–æ–¥–∞—Ä—Å—å–∫—ñ–π —Å–ø—Ä–∞–≤—ñ  üî∏hromadske | –ø—ñ–¥–ø–∏—Å–∞—Ç–∏—Å—è",–í–∫–ª–∞–¥—á–∏–∫–æ–≤ –±–∞–Ω–∫–∞ –æ–±–æ–±—Ä–∞–ª. –î–µ–Ω—å–≥–∏ –ø—Ä–∏—Å–≤–æ–∏–ª. –ê —Ç–µ–ø–µ—Ä—å —ç—Ç–∏–º–∏ –¥–µ–Ω—å–≥–∞–º–∏ –µ—â—ë –∏ –≤–∑—è—Ç–∫–∏ –¥–∞—ë—Ç. –ù—É –º–æ–ª–æ–¥–µ—Ü. –ë–∏–∑—å–Ω–µ—Å—å–º–µ–Ω. –¢—Ñ—É.
hromadske_ua,33670,"–î–µ–ø—É—Ç–∞—Ç–∞ –ö–∏—ó–≤—Å—å–∫–æ—ó –º—ñ—Å—å–∫—Ä–∞–¥–∏ –í–ª–∞–¥–∏—Å–ª–∞–≤–∞ –¢—Ä—É–±—ñ—Ü–∏–Ω–∞, —è–∫–æ–≥–æ –æ–±–≤–∏–Ω—É–≤–∞—á—É—é—Ç—å –≤ –æ—Ç—Ä–∏–º–∞–Ω–Ω—ñ 1,39 –º–ª–Ω –≥—Ä–Ω —Ö–∞–±–∞—Ä—è, –æ–≥–æ–ª–æ—à—É—é—Ç—å —É –º—ñ–∂–Ω–∞—Ä–æ–¥–Ω–∏–π —Ä–æ–∑—à—É–∫. –í—ñ–¥–æ–º–æ, —â–æ –≤—ñ–Ω –≤–∏—ó—Ö–∞–≤ –∑–∞ –∫–æ—Ä–¥–æ–Ω –∑–∞ –ª–∏—Å—Ç–æ–º –∑ –ø—ñ–¥–ø–∏—Å–æ–º –Ω–∞—á–∞–ª—å–Ω–∏–∫–∞ –ì–£–† –ú—ñ–Ω–æ–±–æ—Ä–æ–Ω–∏ –ö–∏—Ä–∏–ª–∞ –ë—É–¥–∞–Ω–æ–≤–∞  üî∏hromadske | –Ω–æ–≤–∏–Ω–∏ —Ç—É—Ç","""–í—ñ–¥–æ–º–æ, —â–æ –≤—ñ–Ω –≤–∏—ó—Ö–∞–≤ –∑–∞ –∫–æ—Ä–¥–æ–Ω –∑–∞ –ª–∏—Å—Ç–æ–º –∑ –ø—ñ–¥–ø–∏—Å–æ–º –Ω–∞—á–∞–ª—å–Ω–∏–∫–∞ –ì–£–† –ú—ñ–Ω–æ–±–æ—Ä–æ–Ω–∏ –ö–∏—Ä–∏–ª–∞ –ë—É–¥–∞–Ω–æ–≤–∞""(—Å), –∑–∞ –∫–ª–æ–ø–æ—Ç–∞–Ω–Ω—è–º –°–°–û, –¥–æ —è–∫–æ–≥–æ –∑–≤–µ—Ä–Ω—É–≤—Å—è –±–ª–∞–≥–æ–¥—ñ–π–Ω–∏–π —Ñ–æ–Ω–¥ ""–†—ñ–¥–Ω–∞ –û–±–æ–ª–æ–Ω—å"", —á–ª–µ–Ω–æ–º —è–∫–æ–≥–æ –¢—Ä—É–±—ñ—Ü–∏–Ω –≤–∂–µ –Ω–µ —î... –ü–∏—à—ñ—Ç—å –≤–∂–µ –ø–æ–≤–Ω—ñ—Å—Ç—é, –∞ –Ω–µ —Ç—ñ–ª—å–∫–∏ –ø—Ä–æ ""–ø—ñ–¥–ø–∏—Å –ë—É–¥–∞–Ω–æ–≤–∞"" –í–∏ –∂ –ó–ú–Ü, —è–∫–µ –∂–∏–≤–µ –∑–∞ –∫–æ—à—Ç–∏ –¥–æ–Ω–∞—Ç–æ—Ä—ñ–≤ –≤ —Ç–æ–º—É —á–∏—Å–ª—ñ!"
hromadske_ua,32852,"¬´–Ø —Ç–∞ —ñ–Ω—à—ñ —Å—É–¥–¥—ñ –í–µ—Ä—Ö–æ–≤–Ω–æ–≥–æ –°—É–¥—É –≤—ñ–¥–¥–∞—î–º–æ –±—ñ–ª—å—à –Ω—ñ–∂ –ø–æ–ª–æ–≤–∏–Ω—É —Å–≤–æ—î—ó –∑–∞—Ä–ø–ª–∞—Ç–∏ –Ω–∞ –ø–æ—Ç—Ä–µ–±–∏ –ó–°–£¬ª, ‚Äî —Ä–æ–∑–ø–æ–≤—ñ–¥–∞–≤ –Ω–∞–º –í—Å–µ–≤–æ–ª–æ–¥ –ö–Ω—è–∑—î–≤ –Ω–∞ –æ—Å—Ç–∞–Ω–Ω—å–æ–º—É –∑‚Äô—ó–∑–¥—ñ —Å—É–¥–¥—ñ–≤. –ó–∞—Ä–ø–ª–∞—Ç–∞ –≥–æ–ª–æ–≤–∏ –í–µ—Ä—Ö–æ–≤–Ω–æ–≥–æ –°—É–¥—É –Ω–∏–Ω—ñ —Å–∫–ª–∞–¥–∞—î –±–ª–∏–∑—å–∫–æ 374 —Ç–∏—Å—è—á –≥—Ä–∏–≤–µ–Ω—å –Ω–∞ –º—ñ—Å—è—Ü—å. –û–¥–Ω–∞–∫ –ù–ê–ë–£ —ñ –°–ê–ü —Å—Ç–≤–µ—Ä–¥–∂—É—é—Ç—å, —â–æ –∫—Ä—ñ–º –æ—Ñ—ñ—Ü—ñ–π–Ω–∏—Ö –¥–æ—Ö–æ–¥—ñ–≤ –ö–Ω—è–∑—î–≤ –æ—Ç—Ä–∏–º—É–≤–∞–≤ —á–∏–º–∞–ª—ñ —Ö–∞–±–∞—Ä—ñ. –ô–æ–≥–æ ¬´—Å–ø—ñ–π–º–∞–ª–∏ –Ω–∞ –≥–∞—Ä—è—á–æ–º—É¬ª, –ø—ñ–¥ —á–∞—Å –æ—Ç—Ä–∏–º–∞–Ω–Ω—è —Ö–∞–±–∞—Ä—è –∑–∞ —Ä—ñ—à–µ–Ω–Ω—è —â–æ–¥–æ –∫–æ–º–ø–∞–Ω—ñ—ó, –ø–æ–≤‚Äô—è–∑–∞–Ω–æ—ó –∑ –ö–æ—Å—Ç—è–Ω—Ç–∏–Ω–æ–º –ñ–µ–≤–∞–≥–æ. –†–æ–∑–º—ñ—Ä –≤–∏–Ω–∞–≥–æ—Ä–æ–¥–∏ —Å—Ç–∞–Ω–æ–≤–∏–≤ 2,7 –º–ª–Ω –¥–æ–ª–∞—Ä—ñ–≤. –¢–µ–ø–µ—Ä –ö–Ω—è–∑—î–≤—É –∑–∞–≥—Ä–æ–∂—É—î 12 —Ä–æ–∫—ñ–≤ —É–≤‚Äô—è–∑–Ω–µ–Ω–Ω—è.  –©–æ –≤—ñ–¥–æ–º–æ –ø—Ä–æ —Ü—é —Å–ø—Ä–∞–≤—É —Ç–∞ –ø—Ä–æ —Å—É–¥–¥—ñ–≤, —è–∫—ñ —É—Ö–≤–∞–ª—é–≤–∞–ª–∏ —Ä—ñ—à–µ–Ω–Ω—è —Ä–∞–∑–æ–º —ñ–∑ –ö–Ω—è–∑—î–≤–∏–º ‚Äî —á–∏—Ç–∞–π—Ç–µ —É –º–∞—Ç–µ—Ä—ñ–∞–ª—ñ –Ñ–≤–≥–µ–Ω—ñ—è –®—É–ª—å–≥–∞—Ç–∞","–¢–æ —â–æ, –ª—é–¥–∏ —è–∫—ñ –¥–æ–Ω–∞—Ç—è—Ç—å –Ω–∞ –∞—Ä–º—ñ—é - –Ω–µ–¥–æ—Ç–æ—Ä–∫–∞–Ω—ñ?"
hromadske_ua,32852,"¬´–Ø —Ç–∞ —ñ–Ω—à—ñ —Å—É–¥–¥—ñ –í–µ—Ä—Ö–æ–≤–Ω–æ–≥–æ –°—É–¥—É –≤—ñ–¥–¥–∞—î–º–æ –±—ñ–ª—å—à –Ω—ñ–∂ –ø–æ–ª–æ–≤–∏–Ω—É —Å–≤–æ—î—ó –∑–∞—Ä–ø–ª–∞—Ç–∏ –Ω–∞ –ø–æ—Ç—Ä–µ–±–∏ –ó–°–£¬ª, ‚Äî —Ä–æ–∑–ø–æ–≤—ñ–¥–∞–≤ –Ω–∞–º –í—Å–µ–≤–æ–ª–æ–¥ –ö–Ω—è–∑—î–≤ –Ω–∞ –æ—Å—Ç–∞–Ω–Ω—å–æ–º—É –∑‚Äô—ó–∑–¥—ñ —Å—É–¥–¥—ñ–≤. –ó–∞—Ä–ø–ª–∞—Ç–∞ –≥–æ–ª–æ–≤–∏ –í–µ—Ä—Ö–æ–≤–Ω–æ–≥–æ –°—É–¥—É –Ω–∏–Ω—ñ —Å–∫–ª–∞–¥–∞—î –±–ª–∏–∑—å–∫–æ 374 —Ç–∏—Å—è—á –≥—Ä–∏–≤–µ–Ω—å –Ω–∞ –º—ñ—Å—è—Ü—å. –û–¥–Ω–∞–∫ –ù–ê–ë–£ —ñ –°–ê–ü —Å—Ç–≤–µ—Ä–¥–∂—É—é—Ç—å, —â–æ –∫—Ä—ñ–º –æ—Ñ—ñ—Ü—ñ–π–Ω–∏—Ö –¥–æ—Ö–æ–¥—ñ–≤ –ö–Ω—è–∑—î–≤ –æ—Ç—Ä–∏–º—É–≤–∞–≤ —á–∏–º–∞–ª—ñ —Ö–∞–±–∞—Ä—ñ. –ô–æ–≥–æ ¬´—Å–ø—ñ–π–º–∞–ª–∏ –Ω–∞ –≥–∞—Ä—è—á–æ–º—É¬ª, –ø—ñ–¥ —á–∞—Å –æ—Ç—Ä–∏–º–∞–Ω–Ω—è —Ö–∞–±–∞—Ä—è –∑–∞ —Ä—ñ—à–µ–Ω–Ω—è —â–æ–¥–æ –∫–æ–º–ø–∞–Ω—ñ—ó, –ø–æ–≤‚Äô—è–∑–∞–Ω–æ—ó –∑ –ö–æ—Å—Ç—è–Ω—Ç–∏–Ω–æ–º –ñ–µ–≤–∞–≥–æ. –†–æ–∑–º—ñ—Ä –≤–∏–Ω–∞–≥–æ—Ä–æ–¥–∏ —Å—Ç–∞–Ω–æ–≤–∏–≤ 2,7 –º–ª–Ω –¥–æ–ª–∞—Ä—ñ–≤. –¢–µ–ø–µ—Ä –ö–Ω—è–∑—î–≤—É –∑–∞–≥—Ä–æ–∂—É—î 12 —Ä–æ–∫—ñ–≤ —É–≤‚Äô—è–∑–Ω–µ–Ω–Ω—è.  –©–æ –≤—ñ–¥–æ–º–æ –ø—Ä–æ —Ü—é —Å–ø—Ä–∞–≤—É —Ç–∞ –ø—Ä–æ —Å—É–¥–¥—ñ–≤, —è–∫—ñ —É—Ö–≤–∞–ª—é–≤–∞–ª–∏ —Ä—ñ—à–µ–Ω–Ω—è —Ä–∞–∑–æ–º —ñ–∑ –ö–Ω—è–∑—î–≤–∏–º ‚Äî —á–∏—Ç–∞–π—Ç–µ —É –º–∞—Ç–µ—Ä—ñ–∞–ª—ñ –Ñ–≤–≥–µ–Ω—ñ—è –®—É–ª—å–≥–∞—Ç–∞",–¢–∞–∫ –∫–∞–∂–µ –Ω–∞—á–µ –¥–æ–Ω–∞—Ç–∏ —Ü–µ —ñ–Ω–¥—É–ª—å–≥–µ–Ω—Ü—ñ—è. –¢—Ä–µ–±–∞ –π–æ–º—É —Ç–∞ –∑–∞—Ä–ø–ª–∞—Ç–∞ –∑ —Ç–∞–∫–∏–º–∏ —Ö–∞–±–∞—Ä–∞–º–∏
hromadske_ua,32852,"¬´–Ø —Ç–∞ —ñ–Ω—à—ñ —Å—É–¥–¥—ñ –í–µ—Ä—Ö–æ–≤–Ω–æ–≥–æ –°—É–¥—É –≤—ñ–¥–¥–∞—î–º–æ –±—ñ–ª—å—à –Ω—ñ–∂ –ø–æ–ª–æ–≤–∏–Ω—É —Å–≤–æ—î—ó –∑–∞—Ä–ø–ª–∞—Ç–∏ –Ω–∞ –ø–æ—Ç—Ä–µ–±–∏ –ó–°–£¬ª, ‚Äî —Ä–æ–∑–ø–æ–≤—ñ–¥–∞–≤ –Ω–∞–º –í—Å–µ–≤–æ–ª–æ–¥ –ö–Ω—è–∑—î–≤ –Ω–∞ –æ—Å—Ç–∞–Ω–Ω—å–æ–º—É –∑‚Äô—ó–∑–¥—ñ —Å—É–¥–¥—ñ–≤. –ó–∞—Ä–ø–ª–∞—Ç–∞ –≥–æ–ª–æ–≤–∏ –í–µ—Ä—Ö–æ–≤–Ω–æ–≥–æ –°—É–¥—É –Ω–∏–Ω—ñ —Å–∫–ª–∞–¥–∞—î –±–ª–∏–∑—å–∫–æ 374 —Ç–∏—Å—è—á –≥—Ä–∏–≤–µ–Ω—å –Ω–∞ –º—ñ—Å—è—Ü—å. –û–¥–Ω–∞–∫ –ù–ê–ë–£ —ñ –°–ê–ü —Å—Ç–≤–µ—Ä–¥–∂—É—é—Ç—å, —â–æ –∫—Ä—ñ–º –æ—Ñ—ñ—Ü—ñ–π–Ω–∏—Ö –¥–æ—Ö–æ–¥—ñ–≤ –ö–Ω—è–∑—î–≤ –æ—Ç—Ä–∏–º—É–≤–∞–≤ —á–∏–º–∞–ª—ñ —Ö–∞–±–∞—Ä—ñ. –ô–æ–≥–æ ¬´—Å–ø—ñ–π–º–∞–ª–∏ –Ω–∞ –≥–∞—Ä—è—á–æ–º—É¬ª, –ø—ñ–¥ —á–∞—Å –æ—Ç—Ä–∏–º–∞–Ω–Ω—è —Ö–∞–±–∞—Ä—è –∑–∞ —Ä—ñ—à–µ–Ω–Ω—è —â–æ–¥–æ –∫–æ–º–ø–∞–Ω—ñ—ó, –ø–æ–≤‚Äô—è–∑–∞–Ω–æ—ó –∑ –ö–æ—Å—Ç—è–Ω—Ç–∏–Ω–æ–º –ñ–µ–≤–∞–≥–æ. –†–æ–∑–º—ñ—Ä –≤–∏–Ω–∞–≥–æ—Ä–æ–¥–∏ —Å—Ç–∞–Ω–æ–≤–∏–≤ 2,7 –º–ª–Ω –¥–æ–ª–∞—Ä—ñ–≤. –¢–µ–ø–µ—Ä –ö–Ω—è–∑—î–≤—É –∑–∞–≥—Ä–æ–∂—É—î 12 —Ä–æ–∫—ñ–≤ —É–≤‚Äô—è–∑–Ω–µ–Ω–Ω—è.  –©–æ –≤—ñ–¥–æ–º–æ –ø—Ä–æ —Ü—é —Å–ø—Ä–∞–≤—É —Ç–∞ –ø—Ä–æ —Å—É–¥–¥—ñ–≤, —è–∫—ñ —É—Ö–≤–∞–ª—é–≤–∞–ª–∏ —Ä—ñ—à–µ–Ω–Ω—è —Ä–∞–∑–æ–º —ñ–∑ –ö–Ω—è–∑—î–≤–∏–º ‚Äî —á–∏—Ç–∞–π—Ç–µ —É –º–∞—Ç–µ—Ä—ñ–∞–ª—ñ –Ñ–≤–≥–µ–Ω—ñ—è –®—É–ª—å–≥–∞—Ç–∞","–≤ –ª—é–±–≤–∏ –∏ –Ω–∞ –≤–æ–π–Ω–µ –≤—Å–µ —Å–ø–æ—Å–æ–±—ã —Ö–æ—Ä–æ—à–∏,–∑ –æ–ª—ñ–≥–∞—Ä—Ö–∞ –±—É–¥–µ –±—ñ–ª—å—à–µ –∫–æ—Ä–∏—Å—Ç—ñ –∑ –¥–æ–Ω–∞—Ç—ñ–≤,—á—ñ–º —Ç–æ–π –±—É–¥–µ —Å–∏–¥–∏—Ç—å –≤ —Ç—é—Ä–º—ñ. –ø—ñ–¥ –∑–∞–ª–æ–≥ –≤–∏–π—à–æ–≤,—ñ –¥–µ —Ç—ñ –≥—Ä–æ—à–∏. –∞ —Ç–∞–∫ –ø—Ä—è–º–æ –Ω–∞ –ó–°–£"
hromadske_ua,32852,"¬´–Ø —Ç–∞ —ñ–Ω—à—ñ —Å—É–¥–¥—ñ –í–µ—Ä—Ö–æ–≤–Ω–æ–≥–æ –°—É–¥—É –≤—ñ–¥–¥–∞—î–º–æ –±—ñ–ª—å—à –Ω—ñ–∂ –ø–æ–ª–æ–≤–∏–Ω—É —Å–≤–æ—î—ó –∑–∞—Ä–ø–ª–∞—Ç–∏ –Ω–∞ –ø–æ—Ç—Ä–µ–±–∏ –ó–°–£¬ª, ‚Äî —Ä–æ–∑–ø–æ–≤—ñ–¥–∞–≤ –Ω–∞–º –í—Å–µ–≤–æ–ª–æ–¥ –ö–Ω—è–∑—î–≤ –Ω–∞ –æ—Å—Ç–∞–Ω–Ω—å–æ–º—É –∑‚Äô—ó–∑–¥—ñ —Å—É–¥–¥—ñ–≤. –ó–∞—Ä–ø–ª–∞—Ç–∞ –≥–æ–ª–æ–≤–∏ –í–µ—Ä—Ö–æ–≤–Ω–æ–≥–æ –°—É–¥—É –Ω–∏–Ω—ñ —Å–∫–ª–∞–¥–∞—î –±–ª–∏–∑—å–∫–æ 374 —Ç–∏—Å—è—á –≥—Ä–∏–≤–µ–Ω—å –Ω–∞ –º—ñ—Å—è—Ü—å. –û–¥–Ω–∞–∫ –ù–ê–ë–£ —ñ –°–ê–ü —Å—Ç–≤–µ—Ä–¥–∂—É—é—Ç—å, —â–æ –∫—Ä—ñ–º –æ—Ñ—ñ—Ü—ñ–π–Ω–∏—Ö –¥–æ—Ö–æ–¥—ñ–≤ –ö–Ω—è–∑—î–≤ –æ—Ç—Ä–∏–º—É–≤–∞–≤ —á–∏–º–∞–ª—ñ —Ö–∞–±–∞—Ä—ñ. –ô–æ–≥–æ ¬´—Å–ø—ñ–π–º–∞–ª–∏ –Ω–∞ –≥–∞—Ä—è—á–æ–º—É¬ª, –ø—ñ–¥ —á–∞—Å –æ—Ç—Ä–∏–º–∞–Ω–Ω—è —Ö–∞–±–∞—Ä—è –∑–∞ —Ä—ñ—à–µ–Ω–Ω—è —â–æ–¥–æ –∫–æ–º–ø–∞–Ω—ñ—ó, –ø–æ–≤‚Äô—è–∑–∞–Ω–æ—ó –∑ –ö–æ—Å—Ç—è–Ω—Ç–∏–Ω–æ–º –ñ–µ–≤–∞–≥–æ. –†–æ–∑–º—ñ—Ä –≤–∏–Ω–∞–≥–æ—Ä–æ–¥–∏ —Å—Ç–∞–Ω–æ–≤–∏–≤ 2,7 –º–ª–Ω –¥–æ–ª–∞—Ä—ñ–≤. –¢–µ–ø–µ—Ä –ö–Ω—è–∑—î–≤—É –∑–∞–≥—Ä–æ–∂—É—î 12 —Ä–æ–∫—ñ–≤ —É–≤‚Äô—è–∑–Ω–µ–Ω–Ω—è.  –©–æ –≤—ñ–¥–æ–º–æ –ø—Ä–æ —Ü—é —Å–ø—Ä–∞–≤—É —Ç–∞ –ø—Ä–æ —Å—É–¥–¥—ñ–≤, —è–∫—ñ —É—Ö–≤–∞–ª—é–≤–∞–ª–∏ —Ä—ñ—à–µ–Ω–Ω—è —Ä–∞–∑–æ–º —ñ–∑ –ö–Ω—è–∑—î–≤–∏–º ‚Äî —á–∏—Ç–∞–π—Ç–µ —É –º–∞—Ç–µ—Ä—ñ–∞–ª—ñ –Ñ–≤–≥–µ–Ω—ñ—è –®—É–ª—å–≥–∞—Ç–∞",–Ø–∫ —Ü—ñ–∫–∞–≤–æ. –Ø –≤—á–æ—Ä–∞ —Å–∫–∏–Ω—É–ª–∞ –æ—Å—Ç–∞–Ω–Ω—ñ 11 –≥—Ä–Ω –∑ –∫–∞—Ä—Ç–∏ –Ω–∞ —á–µ—Ä–≥–æ–≤–∏–π –∑–±—ñ—Ä. –í–∏—Ö–æ–¥–∏—Ç—å —Ç–µ–ø–µ—Ä –º–∞—é –ø–æ–≤–Ω–æ—Ü—ñ–Ω–Ω–µ –ø—Ä–∞–≤–æ –ø–æ—Ä—É—à—É–≤–∞—Ç–∏ –∑–∞–∫–æ–Ω –£–∫—Ä–∞—ó–Ω–∏?)
hromadske_ua,30038,"‚öñÔ∏è –ü–æ–ª—Ç–∞–≤—Å—å–∫–æ–≥–æ –º–µ—Ä–∞ –û–ª–µ–∫—Å–∞–Ω–¥—Ä–∞ –ú–∞–º–∞—è –≤–∏–∑–Ω–∞–ª–∏ –≤–∏–Ω–Ω–∏–º –≤ –æ—Ä–≥–∞–Ω—ñ–∑–∞—Ü—ñ—ó —Ä–æ–∑—Ç—Ä–∞—Ç–∏ –ø–æ–Ω–∞–¥ –ø—ñ–≤ –º–ª–Ω –≥—Ä–∏–≤–µ–Ω—å —à–ª—è—Ö–æ–º –∑–ª–æ–≤–∂–∏–≤–∞–Ω–Ω—è —Å–≤–æ—ó–º —Å–ª—É–∂–±–æ–≤–∏–º —Å—Ç–∞–Ω–æ–≤–∏—â–µ–º. –°—É–¥ –ø—Ä–∏–∑–Ω–∞—á–∏–≤ –π–æ–º—É –ø–æ–∫–∞—Ä–∞–Ω–Ω—è —É –≤–∏–¥—ñ 5 —Ä–æ–∫—ñ–≤ –ø–æ–∑–±–∞–≤–ª–µ–Ω–Ω—è –≤–æ–ª—ñ, –∞ —Ç–∞–∫–æ–∂ –ø–æ–∑–±–∞–≤–∏–≤ –ø—Ä–∞–≤–∞ –æ–±—ñ–π–º–∞—Ç–∏ –ø–æ—Å–∞–¥–∏, –ø–æ–≤‚Äô—è–∑–∞–Ω—ñ –∑ –æ—Ä–≥–∞–Ω—ñ–∑–∞—Ü—ñ–π–Ω–æ-—Ä–æ–∑–ø–æ—Ä—è–¥—á–∏–º–∏ —á–∏ –∞–¥–º—ñ–Ω—ñ—Å—Ç—Ä–∞—Ç–∏–≤–Ω–æ-–≥–æ—Å–ø–æ–¥–∞—Ä—Å—å–∫–∏–º–∏ —Ñ—É–Ω–∫—Ü—ñ—è–º–∏ –Ω–∞ 1 —Ä—ñ–∫.  –û–¥–Ω–∞–∫, –æ—Å–∫—ñ–ª—å–∫–∏ –º–µ—Ä –≤—ñ–¥—à–∫–æ–¥—É–≤–∞–≤ –∑–∞–≤–¥–∞–Ω—ñ –∑–±–∏—Ç–∫–∏ —Ç–∞ –ø–æ–≤–Ω—ñ—Å—Ç—é –≤–∏–∑–Ω–∞–≤ —Å–≤–æ—é –ø—Ä–æ–≤–∏–Ω—É, –π–æ–º—É –ø—Ä–∏–∑–Ω–∞—á–∏–ª–∏ —Ä—ñ–∫ —ñ—Å–ø–∏—Ç–æ–≤–æ–≥–æ —Å—Ç—Ä–æ–∫—É. –ó–∞ —É–º–æ–≤–∞–º–∏ —É–≥–æ–¥–∏ –ú–∞–º–∞–π —Ç–∞–∫–æ–∂ –º–∞—î –ø–µ—Ä–µ—Ä–∞—Ö—É–≤–∞—Ç–∏ 2 –º–ª–Ω –≥—Ä–∏–≤–µ–Ω—å –Ω–∞ ¬´–ê—Ä–º—ñ—é –¥—Ä–æ–Ω—ñ–≤¬ª",–ê –∑–≤—ñ–¥–∫–∏ –≤ –º–µ—Ä–∞ –ü–æ–ª—Ç–∞–≤–∏ 2–º–ª–Ω –Ω–∞ –¥–æ–Ω–∞—Ç–∏?
hromadske_ua,29118,"–°–ë–£ –≤–∏–∫—Ä–∏–ª–∞ –º–∞—Å—à—Ç–∞–±–Ω—ñ —Å—Ö–µ–º–∏ —Ä–æ–∑–∫—Ä–∞–¥–∞–Ω–Ω—è –ø–æ–Ω–∞–¥ 119 –º–ª–Ω –≥—Ä–Ω –Ω–∞ —Ö–∞—Ä—á—É–≤–∞–Ω–Ω—ñ –¥–ª—è —É–∫—Ä–∞—ó–Ω—Å—å–∫–∏—Ö –≤—ñ–π—Å—å–∫–æ–≤–∏—Ö.   –ü–æ—Å–∞–¥–æ–≤—Ü—ñ –æ–¥–Ω–æ–≥–æ –∑ –¥–µ–ø–∞—Ä—Ç–∞–º–µ–Ω—Ç—ñ–≤ –ú—ñ–Ω–æ–±–æ—Ä–æ–Ω–∏ —É–∫–ª–∞–ª–∏ —É–≥–æ–¥–∏ –∑ –∫–µ—Ä—ñ–≤–Ω–∏–∫–∞–º–∏ –¥–≤–æ—Ö –∫–æ–º–µ—Ä—Ü—ñ–π–Ω–∏—Ö —Å—Ç—Ä—É–∫—Ç—É—Ä –¥–ª—è –ø–æ—Å—Ç–∞—á–∞–Ω–Ω—è –æ–ø—Ç–æ–≤–∏—Ö –ø–∞—Ä—Ç—ñ–π –ø—Ä–æ–¥–æ–≤–æ–ª—å—Å—Ç–≤–∞ –¥–æ –º—ñ—Å—Ü—å –¥–∏—Å–ª–æ–∫–∞—Ü—ñ—ó –≤—ñ–π—Å—å–∫–æ–≤–∏—Ö. –ë—é–¥–∂–µ—Ç–Ω—ñ –≥—Ä–æ—à—ñ –Ω–∞–ø—Ä–∞–≤–∏–ª–∏ –Ω–∞ —Ä–∞—Ö—É–Ω–∫–∏ –ø—ñ–¥–ø—Ä–∏—î–º—Å—Ç–≤, —è–∫—ñ –Ω–µ –º–∞–ª–∏ –≤–∏—Ä–æ–±–Ω–∏—á–æ—ó –±–∞–∑–∏ —Ç–∞ —Ç–µ—Ö–Ω–æ–ª–æ–≥—ñ—á–Ω–æ–≥–æ –æ–±–ª–∞–¥–Ω–∞–Ω–Ω—è –¥–ª—è –Ω–∞–¥–∞–Ω–Ω—è –≤—ñ–¥–ø–æ–≤—ñ–¥–Ω–∏—Ö –ø–æ—Å–ª—É–≥. –¢–æ–∂ –∑–∞–º—ñ—Å—Ç—å –ø–æ—Å—Ç–∞—á–∞–Ω–Ω—è –¥–æ –°–∏–ª –æ–±–æ—Ä–æ–Ω–∏ –ø—Ä–æ–¥—É–∫—Ü—ñ—ó —É—á–∞—Å–Ω–∏–∫–∏ —Å—Ö–µ–º–∏ –≤–∏–≤–æ–¥–∏–ª–∏ –≥—Ä–æ—à—ñ —É —Ç—ñ–Ω—å —á–µ—Ä–µ–∑ –∞—Ñ—ñ–ª—ñ–π–æ–≤–∞–Ω—ñ —Ñ—ñ—Ä–º–∏","–ë—ñ–ª—å—à–µ –∑–∞ –≤—Å–µ –æ–±—É—Ä—é—î —â–æ –ª—é–¥–∏ –¥–æ–Ω–∞—Ç—è—Ç—å –≥—Ä–æ—à—ñ –Ω–∞ –∞—Ä–º—ñ—é, –ø—Ä–∏—Ç–æ–º—É —â–æ —ó—Ö–Ω—ñ –∂ –≥—Ä–æ—à—ñ —É –≤–∏–≥–ª—è–¥–∏ –ø–æ–¥–∞—Ç–∫—ñ–≤ —Ä–æ–∑–∫—Ä–∞–¥–∞—é—Ç—å."
hromadske_ua,28696,"üíº –ó–ú–Ü –ø–æ–≤—ñ–¥–æ–º–∏–ª–∏ –ø—Ä–æ –∑–∞—Ç—Ä–∏–º–∞–Ω–Ω—è –≤–∏–∫–æ–Ω—É–≤–∞—á–∞ –æ–±–æ–≤'—è–∑–∫—ñ–≤ –º—ñ–Ω—ñ—Å—Ç—Ä–∞ —Ä–æ–∑–≤–∏—Ç–∫—É –≥—Ä–æ–º–∞–¥ —Ç–∞ —Ç–µ—Ä–∏—Ç–æ—Ä—ñ–π –£–∫—Ä–∞—ó–Ω–∏ –í–∞—Å–∏–ª—è –õ–æ–∑–∏–Ω—Å—å–∫–æ–≥–æ —á–µ—Ä–µ–∑ —Ö–∞–±–∞—Ä. –ú—ñ–Ω—ñ—Å—Ç–µ—Ä—Å—Ç–≤–æ —ñ–Ω—Ñ—Ä–∞—Å—Ç—Ä—É–∫—Ç—É—Ä–∏ –æ–≥–æ–ª–æ—Å–∏–ª–æ, —â–æ –õ–æ–∑–∏–Ω—Å—å–∫–æ–≥–æ –∑–≤—ñ–ª—å–Ω—è—Ç—å —ñ–∑ –∑–∞–π–º–∞–Ω–æ—ó –ø–æ—Å–∞–¥–∏.  –ó–∞ –¥–∞–Ω–∏–º–∏ –ó–ú–Ü, —É –õ–æ–∑–∏–Ω—Å—å–∫–æ–≥–æ –ø—Ä–æ–≤–æ–¥–∏–ª–∏ –æ–±—à—É–∫–∏, –π–æ–≥–æ –∑–∞—Ç—Ä–∏–º–∞–ª–æ –ù–∞—Ü—ñ–æ–Ω–∞–ª—å–Ω–µ –∞–Ω—Ç–∏–∫–æ—Ä—É–ø—Ü—ñ–π–Ω–µ –±—é—Ä–æ –ø—ñ–¥ —á–∞—Å –æ—Ç—Ä–∏–º–∞–Ω–Ω—è —Ö–∞–±–∞—Ä—è –≤ —Ä–æ–∑–º—ñ—Ä—ñ 400 —Ç–∏—Å—è—á –¥–æ–ª–∞—Ä—ñ–≤","–Ü –±—É–¥–µ–º–æ –¥–æ–Ω–∞—Ç–∏—Ç–∏, –±–æ —Ç–∞–º –Ω–∞—à—ñ —Ö–ª–æ–ø—Ü—ñ —ñ –Ω–∞–º –±–æ–ª–∏—Ç—å."
hromadske_ua,28696,"üíº –ó–ú–Ü –ø–æ–≤—ñ–¥–æ–º–∏–ª–∏ –ø—Ä–æ –∑–∞—Ç—Ä–∏–º–∞–Ω–Ω—è –≤–∏–∫–æ–Ω—É–≤–∞—á–∞ –æ–±–æ–≤'—è–∑–∫—ñ–≤ –º—ñ–Ω—ñ—Å—Ç—Ä–∞ —Ä–æ–∑–≤–∏—Ç–∫—É –≥—Ä–æ–º–∞–¥ —Ç–∞ —Ç–µ—Ä–∏—Ç–æ—Ä—ñ–π –£–∫—Ä–∞—ó–Ω–∏ –í–∞—Å–∏–ª—è –õ–æ–∑–∏–Ω—Å—å–∫–æ–≥–æ —á–µ—Ä–µ–∑ —Ö–∞–±–∞—Ä. –ú—ñ–Ω—ñ—Å—Ç–µ—Ä—Å—Ç–≤–æ —ñ–Ω—Ñ—Ä–∞—Å—Ç—Ä—É–∫—Ç—É—Ä–∏ –æ–≥–æ–ª–æ—Å–∏–ª–æ, —â–æ –õ–æ–∑–∏–Ω—Å—å–∫–æ–≥–æ –∑–≤—ñ–ª—å–Ω—è—Ç—å —ñ–∑ –∑–∞–π–º–∞–Ω–æ—ó –ø–æ—Å–∞–¥–∏.  –ó–∞ –¥–∞–Ω–∏–º–∏ –ó–ú–Ü, —É –õ–æ–∑–∏–Ω—Å—å–∫–æ–≥–æ –ø—Ä–æ–≤–æ–¥–∏–ª–∏ –æ–±—à—É–∫–∏, –π–æ–≥–æ –∑–∞—Ç—Ä–∏–º–∞–ª–æ –ù–∞—Ü—ñ–æ–Ω–∞–ª—å–Ω–µ –∞–Ω—Ç–∏–∫–æ—Ä—É–ø—Ü—ñ–π–Ω–µ –±—é—Ä–æ –ø—ñ–¥ —á–∞—Å –æ—Ç—Ä–∏–º–∞–Ω–Ω—è —Ö–∞–±–∞—Ä—è –≤ —Ä–æ–∑–º—ñ—Ä—ñ 400 —Ç–∏—Å—è—á –¥–æ–ª–∞—Ä—ñ–≤",–ê –º–∏ –≤—ñ–π—Å—å–∫–æ–≤–∏–º –Ω–∞ —Ç–µ–ø–ª–æ–≤—ñ–∑–æ—Ä–∏ —ñ –¥—Ä–æ–Ω–∏ –¥–æ–Ω–∞—Ç–∏–º...
hromadske_ua,14530,"–ú–∏–∫–æ–ª—É –ß–∞—É—Å–∞ —â–µ —É —Å–µ—Ä–ø–Ω—ñ 2016 —Ä–æ–∫—É –≤–∏–∫—Ä–∏–ª–∏ –Ω–∞ –æ—Ç—Ä–∏–º–∞–Ω–Ω—ñ —Ö–∞–±–∞—Ä—è —É $150 —Ç–∏—Å—è—á. –¶—ñ –∫–æ—à—Ç–∏ –≤–∏—è–≤–∏–ª–∏ —É –¥–≤–æ—Ö —Å–∫–ª—è–Ω–∏—Ö –±–∞–Ω–∫–∞—Ö, —è–∫—ñ –≤—ñ–Ω –∑–∞–∫–æ–ø—É–≤–∞–≤ —É –¥–≤–æ—Ä—ñ –≤–ª–∞—Å–Ω–æ–≥–æ –¥–æ–º—É. –ó–≥–æ–¥–æ–º –†–∞–¥–∞ –¥–æ–∑–≤–æ–ª–∏–ª–∞ –∑–∞—Ç—Ä–∏–º–∞—Ç–∏ —Å—É–¥–¥—é, –∞–ª–µ —Ç–æ–¥—ñ –ß–∞—É—Å —É–∂–µ –≤—Ç—ñ–∫ –∑ –£–∫—Ä–∞—ó–Ω–∏. –ü—Ä–æ—Ç–µ –µ–∫—Å—Å—É–¥–¥—é –Ω–µ –µ–∫—Å—Ç—Ä–∞–¥—É–≤–∞–ª–∏, –∞ —É –∫–≤—ñ—Ç–Ω—ñ —Ü—å–æ–≥–æ —Ä–æ–∫—É –π–æ–≥–æ –≤–∏–∫—Ä–∞–ª–∏ –≤ –ú–æ–ª–¥–æ–≤—ñ. –ó–≥–æ–¥–æ–º –ß–∞—É—Å–∞ –∑–Ω–∞–π—à–ª–∏ –π –∑–∞—Ç—Ä–∏–º–∞–ª–∏ —É —Å–µ–ª—ñ –Ω–∞ –í—ñ–Ω–Ω–∏—á—á–∏–Ω—ñ. –ü—Ä–æ —Å–ø—Ä–∞–≤—É –∫–æ–ª–∏—à–Ω—å–æ–≥–æ —Å—É–¥–¥—ñ —Ä–æ–∑–ø–æ–≤—ñ–¥–∞—î –Ω–∞—à–∞ –∂—É—Ä–Ω–∞–ª—ñ—Å—Ç–∫–∞ –í—ñ–∫—Ç–æ—Ä—ñ—è –†–æ—â–∏–Ω–∞",–í —Å—Ç–µ–∫–ª—è–Ω–Ω—ã—Ö –±–∞–Ω–∫–∞—Ö???üòÇüòÇüòÇüòÇüòÇü§£ü§£ü§£ü§£ü§£
stanislav_osman,8593,"–ù–µ –Ω–æ–≤–∏–Ω–∞, —â–æ –Ω–∞—Ä–æ–¥ –ø–æ–¥—ñ–ª—è—î—Ç—å—Å—è –Ω–∞ –ø–æ—Ö—É—ó—Å—Ç—ñ–≤ —ñ —Ç–∏—Ö, —Ö—Ç–æ –≤—ñ–¥—á—É–≤–∞—î –≤—ñ–π–Ω—É.  –¶–µ –±–∞–∑–æ–≤–∏–π —Ä–æ–∑–ø–æ–¥—ñ–ª, —è–∫–∏–π “ë—Ä—É–Ω—Ç—É—î—Ç—å—Å—è –Ω–∞ –º–æ—Ä–∞–ª—å–Ω–æ-–µ—Ç–∏—á–Ω–∏—Ö –ø—Ä–∏–Ω—Ü–∏–ø–∞—Ö –æ—Å–æ–±–∏—Å—Ç–æ –∫–æ–∂–Ω–æ–≥–æ, –¥–æ–Ω–∞—Ç–∏, –∫–æ—Ä—É–ø—Ü—ñ—è, –≤—Ç—Ä–∞—Ç–∏ –Ω–∞ —Ñ—Ä–æ–Ω—Ç—ñ —Ç–∞ —ñ–Ω—à—ñ —Ñ–∞–∫—Ç–æ—Ä–∏ –Ω–∞ —Ü–µ –Ω—ñ—è–∫ –Ω–µ –≤–ø–ª–∏–≤–∞—é—Ç—å.   –Ø–∫—â–æ –ª—é–¥–∏–Ω—ñ –±–∞–π–¥—É–∂–µ –Ω–∞ –≥–∏–±–µ–ª—å —Å–≤–æ—ó—Ö –≥—Ä–æ–º–∞–¥—è–Ω —Ç–∞ –∑–ª–æ—á–∏–Ω–∏ —Ä–æ—Å—ñ—ó, –≤—ñ–Ω –∞–≤—Ç–æ–º–∞—Ç–∏—á–Ω–æ –≤—Ö–æ–¥–∏—Ç—å –¥–æ –∫–∞—Ç–µ–≥–æ—Ä—ñ—ó —É–±–æ–≥–∏—Ö, –∞–ª–µ –∑–∞–≤–¥—è–∫–∏ –∑–∞–∫–æ–Ω–∞–º, –≤—Å–µ –∂ –º–æ–∂–µ –Ω–µ—Å—Ç–∏ –∫–æ—Ä–∏—Å—Ç—å –¥–ª—è —Å—É—Å–ø—ñ–ª—å—Å—Ç–≤–∞.","–¢–æ –µ—Å—Ç—å –∫—Ç–æ —Ç–æ –º–æ–∂–µ—Ç –≤—ã—Å–∫–∞–∑—ã–≤–∞—Ç—å —Å–≤–æ–µ –º–Ω–µ–Ω–∏–µ –ø–æ –ø–æ–≤–æ–¥—É —É—Ö—ã–ª—è–Ω—Ç–æ–≤ –∏ —Ç–¥, –æ—Å—Ç–∞–ª—å–Ω—ã–µ –Ω–µ –º–æ–≥—É—Ç? –ú–Ω–µ –Ω–µ –æ–±–∏–¥–Ω–æ, –ø—Ä–æ—Å—Ç–æ –ø–æ–ª—É—á–∞–µ—Ç—Å—è –≤—Å–µ –≤ –æ–¥–Ω–æ—Å—Ç–æ—Ä–æ–Ω–Ω–µ–º –ø–æ—Ä—è–¥–∫–µ, –µ—Å–ª–∏ –ª—é–¥–µ–π –Ω–µ —É—Å—Ç—Ä–∞–∏–≤–∞–µ—Ç —á—Ç–æ —è –≤—ã—Å–∫–∞–∑—ã–≤–∞—é –º—ã—Å–ª–∏, –ø–æ–π–¥—É –≤–º–µ—Å—Ç–æ –¥–æ–Ω–∞—Ç–∞ –∫—É–ø–ª—é —Å–µ–±–µ —Å–Ω–∏–∫–µ—Ä—Å, –±—É–¥—É —Å–æ–æ—Ç–≤–µ—Ç—Å—Ç–≤–æ–≤–∞—Ç—å —É—Ö—ã–ª—è–Ω—Ç—Å—Ç–≤—É"
stanislav_osman,8593,"–ù–µ –Ω–æ–≤–∏–Ω–∞, —â–æ –Ω–∞—Ä–æ–¥ –ø–æ–¥—ñ–ª—è—î—Ç—å—Å—è –Ω–∞ –ø–æ—Ö—É—ó—Å—Ç—ñ–≤ —ñ —Ç–∏—Ö, —Ö—Ç–æ –≤—ñ–¥—á—É–≤–∞—î –≤—ñ–π–Ω—É.  –¶–µ –±–∞–∑–æ–≤–∏–π —Ä–æ–∑–ø–æ–¥—ñ–ª, —è–∫–∏–π “ë—Ä—É–Ω—Ç—É—î—Ç—å—Å—è –Ω–∞ –º–æ—Ä–∞–ª—å–Ω–æ-–µ—Ç–∏—á–Ω–∏—Ö –ø—Ä–∏–Ω—Ü–∏–ø–∞—Ö –æ—Å–æ–±–∏—Å—Ç–æ –∫–æ–∂–Ω–æ–≥–æ, –¥–æ–Ω–∞—Ç–∏, –∫–æ—Ä—É–ø—Ü—ñ—è, –≤—Ç—Ä–∞—Ç–∏ –Ω–∞ —Ñ—Ä–æ–Ω—Ç—ñ —Ç–∞ —ñ–Ω—à—ñ —Ñ–∞–∫—Ç–æ—Ä–∏ –Ω–∞ —Ü–µ –Ω—ñ—è–∫ –Ω–µ –≤–ø–ª–∏–≤–∞—é—Ç—å.   –Ø–∫—â–æ –ª—é–¥–∏–Ω—ñ –±–∞–π–¥—É–∂–µ –Ω–∞ –≥–∏–±–µ–ª—å —Å–≤–æ—ó—Ö –≥—Ä–æ–º–∞–¥—è–Ω —Ç–∞ –∑–ª–æ—á–∏–Ω–∏ —Ä–æ—Å—ñ—ó, –≤—ñ–Ω –∞–≤—Ç–æ–º–∞—Ç–∏—á–Ω–æ –≤—Ö–æ–¥–∏—Ç—å –¥–æ –∫–∞—Ç–µ–≥–æ—Ä—ñ—ó —É–±–æ–≥–∏—Ö, –∞–ª–µ –∑–∞–≤–¥—è–∫–∏ –∑–∞–∫–æ–Ω–∞–º, –≤—Å–µ –∂ –º–æ–∂–µ –Ω–µ—Å—Ç–∏ –∫–æ—Ä–∏—Å—Ç—å –¥–ª—è —Å—É—Å–ø—ñ–ª—å—Å—Ç–≤–∞.",–Ø –ø–∞–º º—è—Ç–∞—é —Ç–æ–π –∑–±—ñ—Ä. –¶–µ –≤—É–∑—å–∫–∏–π –Ω–µ –≤–µ–ª–∏–∫–µ –∫–æ–ª–æ –ª—é–¥–µ–π —Ç–∞ —ó—Ö —Ä—ñ–¥–Ω–∏—Ö —Ç–∞ –¥—Ä—É–∑—ñ–≤. –¢–∞–º –¥—ñ–π—Å–Ω–æ –º–æ–∂–Ω–æ –≤–∏–¥–æ—Ö–Ω—É—Ç–∏ —Ç–∞ –ø–µ—Ä–µ–ø–æ—á–∏—Ç–∏. –Ø –≥–æ–≤–æ—Ä—é –ø—Ä–æ —Ñ–µ—Å—Ç –Ω–∞ 5 —Å—Ü–µ–Ω –Ω–∞ –í–î–ù–• –∑ —Ç–∏—Å—è—á–∞–º–∏ –ª—é–¥–µ–π —Ü–µ —ñ–Ω—à—ñ —Ä–µ—á—ñ. –ó–¥–æ—Ä–æ–≤ º—è –≤–∞–º!!!!
stanislav_osman,8593,"–ù–µ –Ω–æ–≤–∏–Ω–∞, —â–æ –Ω–∞—Ä–æ–¥ –ø–æ–¥—ñ–ª—è—î—Ç—å—Å—è –Ω–∞ –ø–æ—Ö—É—ó—Å—Ç—ñ–≤ —ñ —Ç–∏—Ö, —Ö—Ç–æ –≤—ñ–¥—á—É–≤–∞—î –≤—ñ–π–Ω—É.  –¶–µ –±–∞–∑–æ–≤–∏–π —Ä–æ–∑–ø–æ–¥—ñ–ª, —è–∫–∏–π “ë—Ä—É–Ω—Ç—É—î—Ç—å—Å—è –Ω–∞ –º–æ—Ä–∞–ª—å–Ω–æ-–µ—Ç–∏—á–Ω–∏—Ö –ø—Ä–∏–Ω—Ü–∏–ø–∞—Ö –æ—Å–æ–±–∏—Å—Ç–æ –∫–æ–∂–Ω–æ–≥–æ, –¥–æ–Ω–∞—Ç–∏, –∫–æ—Ä—É–ø—Ü—ñ—è, –≤—Ç—Ä–∞—Ç–∏ –Ω–∞ —Ñ—Ä–æ–Ω—Ç—ñ —Ç–∞ —ñ–Ω—à—ñ —Ñ–∞–∫—Ç–æ—Ä–∏ –Ω–∞ —Ü–µ –Ω—ñ—è–∫ –Ω–µ –≤–ø–ª–∏–≤–∞—é—Ç—å.   –Ø–∫—â–æ –ª—é–¥–∏–Ω—ñ –±–∞–π–¥—É–∂–µ –Ω–∞ –≥–∏–±–µ–ª—å —Å–≤–æ—ó—Ö –≥—Ä–æ–º–∞–¥—è–Ω —Ç–∞ –∑–ª–æ—á–∏–Ω–∏ —Ä–æ—Å—ñ—ó, –≤—ñ–Ω –∞–≤—Ç–æ–º–∞—Ç–∏—á–Ω–æ –≤—Ö–æ–¥–∏—Ç—å –¥–æ –∫–∞—Ç–µ–≥–æ—Ä—ñ—ó —É–±–æ–≥–∏—Ö, –∞–ª–µ –∑–∞–≤–¥—è–∫–∏ –∑–∞–∫–æ–Ω–∞–º, –≤—Å–µ –∂ –º–æ–∂–µ –Ω–µ—Å—Ç–∏ –∫–æ—Ä–∏—Å—Ç—å –¥–ª—è —Å—É—Å–ø—ñ–ª—å—Å—Ç–≤–∞.","–¢—É—Ç –¥–≤—É—Ö—Å–º–∏—Å–ª—î–Ω–æ. –û—Å—å —è –±—É–≤ –Ω–∞ —Ñ—Ä–æ–Ω—Ç—ñ –∑ —á–µ—Ä–≤–Ω—è 2022 —Ä–æ–∫—É, –ø–æ —Ç—Ä–∞–≤–µ–Ω—å 2023 —Ä–æ–∫—É. –ü—Ä–∏—ó—Ö–∞–≤ –¥–æ –ö–∏—î–≤–∞, —ñ —Ö–æ—Ç—ñ–≤ —Ç—Ä–æ—Ö–∏ –≤—ñ–¥–ø–æ—á–∏—Ç–∏,  —ñ —è–∫ —Ä–∞–∑ –≤ —Ç–æ–π –¥–µ–Ω—å –±—É–≤ —è–∫—ñ—Å—å –∑–±—ñ—Ä –ª—é–¥–µ–π —â–æ—Å—å –∑–∞ –≤—ñ–π–Ω—É, —è —ó—Ö —Ä–æ–∑—É–º—ñ—é,  —ñ —Ç–∏—Ö–æ –ø—ñ—à–æ–≤ –∑ –º–∞–π–¥–∞–Ω–∞, –∑–∞—Ö–æ–¥–∂—É –≤ —Ä–µ—Ç—Ä–æ–≤—ñ–ª—å –∞ —Ç–∞–º –∑–±—ñ—Ä –Ω–∞ 3 –¥—à–±.  –Ø –∑–∞ —Ç–µ, —â–æ —Ö–æ—á–µ—Ç—å—Å—è —Ç—Ä–æ—Ö–∏ –±—É–ª–æ –≤–∏–¥–æ—Ö–Ω—É—Ç–∏, –∞–ª–µ –±—É–ª–æ —Å–∫—Ä—ñ–∑—å –ø—Ä–æ –≤—ñ–π–Ω—É."
stanislav_osman,8593,"–ù–µ –Ω–æ–≤–∏–Ω–∞, —â–æ –Ω–∞—Ä–æ–¥ –ø–æ–¥—ñ–ª—è—î—Ç—å—Å—è –Ω–∞ –ø–æ—Ö—É—ó—Å—Ç—ñ–≤ —ñ —Ç–∏—Ö, —Ö—Ç–æ –≤—ñ–¥—á—É–≤–∞—î –≤—ñ–π–Ω—É.  –¶–µ –±–∞–∑–æ–≤–∏–π —Ä–æ–∑–ø–æ–¥—ñ–ª, —è–∫–∏–π “ë—Ä—É–Ω—Ç—É—î—Ç—å—Å—è –Ω–∞ –º–æ—Ä–∞–ª—å–Ω–æ-–µ—Ç–∏—á–Ω–∏—Ö –ø—Ä–∏–Ω—Ü–∏–ø–∞—Ö –æ—Å–æ–±–∏—Å—Ç–æ –∫–æ–∂–Ω–æ–≥–æ, –¥–æ–Ω–∞—Ç–∏, –∫–æ—Ä—É–ø—Ü—ñ—è, –≤—Ç—Ä–∞—Ç–∏ –Ω–∞ —Ñ—Ä–æ–Ω—Ç—ñ —Ç–∞ —ñ–Ω—à—ñ —Ñ–∞–∫—Ç–æ—Ä–∏ –Ω–∞ —Ü–µ –Ω—ñ—è–∫ –Ω–µ –≤–ø–ª–∏–≤–∞—é—Ç—å.   –Ø–∫—â–æ –ª—é–¥–∏–Ω—ñ –±–∞–π–¥—É–∂–µ –Ω–∞ –≥–∏–±–µ–ª—å —Å–≤–æ—ó—Ö –≥—Ä–æ–º–∞–¥—è–Ω —Ç–∞ –∑–ª–æ—á–∏–Ω–∏ —Ä–æ—Å—ñ—ó, –≤—ñ–Ω –∞–≤—Ç–æ–º–∞—Ç–∏—á–Ω–æ –≤—Ö–æ–¥–∏—Ç—å –¥–æ –∫–∞—Ç–µ–≥–æ—Ä—ñ—ó —É–±–æ–≥–∏—Ö, –∞–ª–µ –∑–∞–≤–¥—è–∫–∏ –∑–∞–∫–æ–Ω–∞–º, –≤—Å–µ –∂ –º–æ–∂–µ –Ω–µ—Å—Ç–∏ –∫–æ—Ä–∏—Å—Ç—å –¥–ª—è —Å—É—Å–ø—ñ–ª—å—Å—Ç–≤–∞.",–¢–∏ –∑–±—ñ—Ä–∫–∞ —Ü–∏—Ç–∞—Ç
stanislav_osman,8593,"–ù–µ –Ω–æ–≤–∏–Ω–∞, —â–æ –Ω–∞—Ä–æ–¥ –ø–æ–¥—ñ–ª—è—î—Ç—å—Å—è –Ω–∞ –ø–æ—Ö—É—ó—Å—Ç—ñ–≤ —ñ —Ç–∏—Ö, —Ö—Ç–æ –≤—ñ–¥—á—É–≤–∞—î –≤—ñ–π–Ω—É.  –¶–µ –±–∞–∑–æ–≤–∏–π —Ä–æ–∑–ø–æ–¥—ñ–ª, —è–∫–∏–π “ë—Ä—É–Ω—Ç—É—î—Ç—å—Å—è –Ω–∞ –º–æ—Ä–∞–ª—å–Ω–æ-–µ—Ç–∏—á–Ω–∏—Ö –ø—Ä–∏–Ω—Ü–∏–ø–∞—Ö –æ—Å–æ–±–∏—Å—Ç–æ –∫–æ–∂–Ω–æ–≥–æ, –¥–æ–Ω–∞—Ç–∏, –∫–æ—Ä—É–ø—Ü—ñ—è, –≤—Ç—Ä–∞—Ç–∏ –Ω–∞ —Ñ—Ä–æ–Ω—Ç—ñ —Ç–∞ —ñ–Ω—à—ñ —Ñ–∞–∫—Ç–æ—Ä–∏ –Ω–∞ —Ü–µ –Ω—ñ—è–∫ –Ω–µ –≤–ø–ª–∏–≤–∞—é—Ç—å.   –Ø–∫—â–æ –ª—é–¥–∏–Ω—ñ –±–∞–π–¥—É–∂–µ –Ω–∞ –≥–∏–±–µ–ª—å —Å–≤–æ—ó—Ö –≥—Ä–æ–º–∞–¥—è–Ω —Ç–∞ –∑–ª–æ—á–∏–Ω–∏ —Ä–æ—Å—ñ—ó, –≤—ñ–Ω –∞–≤—Ç–æ–º–∞—Ç–∏—á–Ω–æ –≤—Ö–æ–¥–∏—Ç—å –¥–æ –∫–∞—Ç–µ–≥–æ—Ä—ñ—ó —É–±–æ–≥–∏—Ö, –∞–ª–µ –∑–∞–≤–¥—è–∫–∏ –∑–∞–∫–æ–Ω–∞–º, –≤—Å–µ –∂ –º–æ–∂–µ –Ω–µ—Å—Ç–∏ –∫–æ—Ä–∏—Å—Ç—å –¥–ª—è —Å—É—Å–ø—ñ–ª—å—Å—Ç–≤–∞.","–Ñ —Ç–∞–∫—ñ, –∞–ª–µ –±–∞–≥–∞—Ç–æ —Ö—Ç–æ –∑–∞ –∫–æ—Ä–¥–æ–Ω–æ–º —Å–ø–∏–Ω—É –ª–∞–º–∞—î —â–æ–± –¥–æ–Ω–∞—Ç–∏—Ç–∏ —Ç–∞ —â–µ –π –ø—ñ–¥—Ç—Ä–∏–º—É–≤–∞—Ç–∏ —Å—Ç–∞—Ä–∏—Ö –±–∞—Ç—å–∫—ñ–≤"
